fund_id,fund_name,asset_family,method,method_label,rebalance_date,holding_rank,ticker,asset_class,sector,target_weight,target_weight_pct,is_active_holding
combined_equal_weight,Combined Equal Weight,combined,equal_weight,Equal Weight,2023-12-01,1,ABBV,Equity,Healthcare,0.0166666666666666,1.66666666666666,True
combined_equal_weight,Combined Equal Weight,combined,equal_weight,Equal Weight,2023-12-01,2,ABT,Equity,Healthcare,0.0166666666666666,1.66666666666666,True
combined_equal_weight,Combined Equal Weight,combined,equal_weight,Equal Weight,2023-12-01,3,ADA-USD,Crypto,Crypto,0.0166666666666666,1.66666666666666,True
combined_equal_weight,Combined Equal Weight,combined,equal_weight,Equal Weight,2023-12-01,4,ADBE,Equity,Tech,0.0166666666666666,1.66666666666666,True
combined_equal_weight,Combined Equal Weight,combined,equal_weight,Equal Weight,2023-12-01,5,AEP,Equity,Utilities,0.0166666666666666,1.66666666666666,True
combined_equal_weight,Combined Equal Weight,combined,equal_weight,Equal Weight,2023-12-01,6,AMD,Equity,Tech,0.0166666666666666,1.66666666666666,True
combined_equal_weight,Combined Equal Weight,combined,equal_weight,Equal Weight,2023-12-01,7,AMGN,Equity,Healthcare,0.0166666666666666,1.66666666666666,True
combined_equal_weight,Combined Equal Weight,combined,equal_weight,Equal Weight,2023-12-01,8,AMT,Equity,RealEstate,0.0166666666666666,1.66666666666666,True
combined_equal_weight,Combined Equal Weight,combined,equal_weight,Equal Weight,2023-12-01,9,BA,Equity,Industrials,0.0166666666666666,1.66666666666666,True
combined_equal_weight,Combined Equal Weight,combined,equal_weight,Equal Weight,2023-12-01,10,BCH-USD,Crypto,Crypto,0.0166666666666666,1.66666666666666,True
combined_equal_weight,Combined Equal Weight,combined,equal_weight,Equal Weight,2023-12-01,11,BTC-USD,Crypto,Crypto,0.0166666666666666,1.66666666666666,True
combined_equal_weight,Combined Equal Weight,combined,equal_weight,Equal Weight,2023-12-01,12,CAT,Equity,Industrials,0.0166666666666666,1.66666666666666,True
combined_equal_weight,Combined Equal Weight,combined,equal_weight,Equal Weight,2023-12-01,13,CCI,Equity,RealEstate,0.0166666666666666,1.66666666666666,True
combined_equal_weight,Combined Equal Weight,combined,equal_weight,Equal Weight,2023-12-01,14,CMCSA,Equity,Comm,0.0166666666666666,1.66666666666666,True
combined_equal_weight,Combined Equal Weight,combined,equal_weight,Equal Weight,2023-12-01,15,COP,Equity,Energy,0.0166666666666666,1.66666666666666,True
combined_equal_weight,Combined Equal Weight,combined,equal_weight,Equal Weight,2023-12-01,16,CVX,Equity,Energy,0.0166666666666666,1.66666666666666,True
combined_equal_weight,Combined Equal Weight,combined,equal_weight,Equal Weight,2023-12-01,17,D,Equity,Utilities,0.0166666666666666,1.66666666666666,True
combined_equal_weight,Combined Equal Weight,combined,equal_weight,Equal Weight,2023-12-01,18,DD,Equity,Materials,0.0166666666666666,1.66666666666666,True
combined_equal_weight,Combined Equal Weight,combined,equal_weight,Equal Weight,2023-12-01,19,DIS,Equity,Consumer,0.0166666666666666,1.66666666666666,True
combined_equal_weight,Combined Equal Weight,combined,equal_weight,Equal Weight,2023-12-01,20,DOW,Equity,Materials,0.0166666666666666,1.66666666666666,True
combined_equal_weight,Combined Equal Weight,combined,equal_weight,Equal Weight,2023-12-01,21,DUK,Equity,Utilities,0.0166666666666666,1.66666666666666,True
combined_equal_weight,Combined Equal Weight,combined,equal_weight,Equal Weight,2023-12-01,22,EA,Equity,Comm,0.0166666666666666,1.66666666666666,True
combined_equal_weight,Combined Equal Weight,combined,equal_weight,Equal Weight,2023-12-01,23,EOS-USD,Crypto,Crypto,0.0166666666666666,1.66666666666666,True
combined_equal_weight,Combined Equal Weight,combined,equal_weight,Equal Weight,2023-12-01,24,ETC-USD,Crypto,Crypto,0.0166666666666666,1.66666666666666,True
combined_equal_weight,Combined Equal Weight,combined,equal_weight,Equal Weight,2023-12-01,25,ETH-USD,Crypto,Crypto,0.0166666666666666,1.66666666666666,True
combined_equal_weight,Combined Equal Weight,combined,equal_weight,Equal Weight,2023-12-01,26,GE,Equity,Industrials,0.0166666666666666,1.66666666666666,True
combined_equal_weight,Combined Equal Weight,combined,equal_weight,Equal Weight,2023-12-01,27,GILD,Equity,Healthcare,0.0166666666666666,1.66666666666666,True
combined_equal_weight,Combined Equal Weight,combined,equal_weight,Equal Weight,2023-12-01,28,GS,Equity,Financials,0.0166666666666666,1.66666666666666,True
combined_equal_weight,Combined Equal Weight,combined,equal_weight,Equal Weight,2023-12-01,29,INTC,Equity,Tech,0.0166666666666666,1.66666666666666,True
combined_equal_weight,Combined Equal Weight,combined,equal_weight,Equal Weight,2023-12-01,30,KO,Equity,Consumer,0.0166666666666666,1.66666666666666,True
combined_equal_weight,Combined Equal Weight,combined,equal_weight,Equal Weight,2023-12-01,31,LTC-USD,Crypto,Crypto,0.0166666666666666,1.66666666666666,True
combined_equal_weight,Combined Equal Weight,combined,equal_weight,Equal Weight,2023-12-01,32,MMM,Equity,Industrials,0.0166666666666666,1.66666666666666,True
combined_equal_weight,Combined Equal Weight,combined,equal_weight,Equal Weight,2023-12-01,33,MRK,Equity,Healthcare,0.0166666666666666,1.66666666666666,True
combined_equal_weight,Combined Equal Weight,combined,equal_weight,Equal Weight,2023-12-01,34,MS,Equity,Financials,0.0166666666666666,1.66666666666666,True
combined_equal_weight,Combined Equal Weight,combined,equal_weight,Equal Weight,2023-12-01,35,NEE,Equity,Utilities,0.0166666666666666,1.66666666666666,True
combined_equal_weight,Combined Equal Weight,combined,equal_weight,Equal Weight,2023-12-01,36,NEM,Equity,Materials,0.0166666666666666,1.66666666666666,True
combined_equal_weight,Combined Equal Weight,combined,equal_weight,Equal Weight,2023-12-01,37,NKE,Equity,Consumer,0.0166666666666666,1.66666666666666,True
combined_equal_weight,Combined Equal Weight,combined,equal_weight,Equal Weight,2023-12-01,38,NUE,Equity,Materials,0.0166666666666666,1.66666666666666,True
combined_equal_weight,Combined Equal Weight,combined,equal_weight,Equal Weight,2023-12-01,39,NVDA,Equity,Tech,0.0166666666666666,1.66666666666666,True
combined_equal_weight,Combined Equal Weight,combined,equal_weight,Equal Weight,2023-12-01,40,O,Equity,RealEstate,0.0166666666666666,1.66666666666666,True
combined_equal_weight,Combined Equal Weight,combined,equal_weight,Equal Weight,2023-12-01,41,OXY,Equity,Energy,0.0166666666666666,1.66666666666666,True
combined_equal_weight,Combined Equal Weight,combined,equal_weight,Equal Weight,2023-12-01,42,PLD,Equity,RealEstate,0.0166666666666666,1.66666666666666,True
combined_equal_weight,Combined Equal Weight,combined,equal_weight,Equal Weight,2023-12-01,43,PSA,Equity,RealEstate,0.0166666666666666,1.66666666666666,True
combined_equal_weight,Combined Equal Weight,combined,equal_weight,Equal Weight,2023-12-01,44,QCOM,Equity,Tech,0.0166666666666666,1.66666666666666,True
combined_equal_weight,Combined Equal Weight,combined,equal_weight,Equal Weight,2023-12-01,45,SBUX,Equity,Consumer,0.0166666666666666,1.66666666666666,True
combined_equal_weight,Combined Equal Weight,combined,equal_weight,Equal Weight,2023-12-01,46,SHW,Equity,Materials,0.0166666666666666,1.66666666666666,True
combined_equal_weight,Combined Equal Weight,combined,equal_weight,Equal Weight,2023-12-01,47,SLB,Equity,Energy,0.0166666666666666,1.66666666666666,True
combined_equal_weight,Combined Equal Weight,combined,equal_weight,Equal Weight,2023-12-01,48,SO,Equity,Utilities,0.0166666666666666,1.66666666666666,True
combined_equal_weight,Combined Equal Weight,combined,equal_weight,Equal Weight,2023-12-01,49,T,Equity,Comm,0.0166666666666666,1.66666666666666,True
combined_equal_weight,Combined Equal Weight,combined,equal_weight,Equal Weight,2023-12-01,50,TMUS,Equity,Comm,0.0166666666666666,1.66666666666666,True
combined_equal_weight,Combined Equal Weight,combined,equal_weight,Equal Weight,2023-12-01,51,TRX-USD,Crypto,Crypto,0.0166666666666666,1.66666666666666,True
combined_equal_weight,Combined Equal Weight,combined,equal_weight,Equal Weight,2023-12-01,52,TTWO,Equity,Comm,0.0166666666666666,1.66666666666666,True
combined_equal_weight,Combined Equal Weight,combined,equal_weight,Equal Weight,2023-12-01,53,UPS,Equity,Industrials,0.0166666666666666,1.66666666666666,True
combined_equal_weight,Combined Equal Weight,combined,equal_weight,Equal Weight,2023-12-01,54,USB,Equity,Financials,0.0166666666666666,1.66666666666666,True
combined_equal_weight,Combined Equal Weight,combined,equal_weight,Equal Weight,2023-12-01,55,V,Equity,Financials,0.0166666666666666,1.66666666666666,True
combined_equal_weight,Combined Equal Weight,combined,equal_weight,Equal Weight,2023-12-01,56,WFC,Equity,Financials,0.0166666666666666,1.66666666666666,True
combined_equal_weight,Combined Equal Weight,combined,equal_weight,Equal Weight,2023-12-01,57,WMT,Equity,Consumer,0.0166666666666666,1.66666666666666,True
combined_equal_weight,Combined Equal Weight,combined,equal_weight,Equal Weight,2023-12-01,58,XLM-USD,Crypto,Crypto,0.0166666666666666,1.66666666666666,True
combined_equal_weight,Combined Equal Weight,combined,equal_weight,Equal Weight,2023-12-01,59,XOM,Equity,Energy,0.0166666666666666,1.66666666666666,True
combined_equal_weight,Combined Equal Weight,combined,equal_weight,Equal Weight,2023-12-01,60,XRP-USD,Crypto,Crypto,0.0166666666666666,1.66666666666666,True
combined_maximum_sharpe,Combined Maximum Sharpe,combined,maximum_sharpe,Maximum Sharpe,2023-12-01,1,BTC-USD,Crypto,Crypto,0.1000000000000922,10.00000000000922,True
combined_maximum_sharpe,Combined Maximum Sharpe,combined,maximum_sharpe,Maximum Sharpe,2023-12-01,2,INTC,Equity,Tech,0.1000000000000653,10.00000000000653,True
combined_maximum_sharpe,Combined Maximum Sharpe,combined,maximum_sharpe,Maximum Sharpe,2023-12-01,3,ADBE,Equity,Tech,0.1000000000000424,10.00000000000424,True
combined_maximum_sharpe,Combined Maximum Sharpe,combined,maximum_sharpe,Maximum Sharpe,2023-12-01,4,TTWO,Equity,Comm,0.1000000000000395,10.00000000000395,True
combined_maximum_sharpe,Combined Maximum Sharpe,combined,maximum_sharpe,Maximum Sharpe,2023-12-01,5,NVDA,Equity,Tech,0.1000000000000315,10.00000000000315,True
combined_maximum_sharpe,Combined Maximum Sharpe,combined,maximum_sharpe,Maximum Sharpe,2023-12-01,6,V,Equity,Financials,0.0999999999999647,9.99999999999647,True
combined_maximum_sharpe,Combined Maximum Sharpe,combined,maximum_sharpe,Maximum Sharpe,2023-12-01,7,GE,Equity,Industrials,0.0999999999998713,9.99999999998713,True
combined_maximum_sharpe,Combined Maximum Sharpe,combined,maximum_sharpe,Maximum Sharpe,2023-12-01,8,SO,Equity,Utilities,0.0999999999968923,9.99999999968923,True
combined_maximum_sharpe,Combined Maximum Sharpe,combined,maximum_sharpe,Maximum Sharpe,2023-12-01,9,BA,Equity,Industrials,0.0534951390148664,5.34951390148664,True
combined_maximum_sharpe,Combined Maximum Sharpe,combined,maximum_sharpe,Maximum Sharpe,2023-12-01,10,BCH-USD,Crypto,Crypto,0.0533429420584594,5.33429420584594,True
combined_maximum_sharpe,Combined Maximum Sharpe,combined,maximum_sharpe,Maximum Sharpe,2023-12-01,11,WMT,Equity,Consumer,0.038388537548086,3.8388537548086,True
combined_maximum_sharpe,Combined Maximum Sharpe,combined,maximum_sharpe,Maximum Sharpe,2023-12-01,12,MRK,Equity,Healthcare,0.0352996450495967,3.5299645049596697,True
combined_maximum_sharpe,Combined Maximum Sharpe,combined,maximum_sharpe,Maximum Sharpe,2023-12-01,13,TMUS,Equity,Comm,0.0139753898640047,1.3975389864004701,True
combined_maximum_sharpe,Combined Maximum Sharpe,combined,maximum_sharpe,Maximum Sharpe,2023-12-01,14,XRP-USD,Crypto,Crypto,0.0033128989073362,0.33128989073362,True
combined_maximum_sharpe,Combined Maximum Sharpe,combined,maximum_sharpe,Maximum Sharpe,2023-12-01,15,ABBV,Equity,Healthcare,0.0021854475574789,0.21854475574789,True
combined_maximum_sharpe,Combined Maximum Sharpe,combined,maximum_sharpe,Maximum Sharpe,2023-12-01,16,AMD,Equity,Tech,3.171655071256257e-12,3.171655071256257e-10,False
combined_maximum_sharpe,Combined Maximum Sharpe,combined,maximum_sharpe,Maximum Sharpe,2023-12-01,17,ABT,Equity,Healthcare,0.0,0.0,False
combined_maximum_sharpe,Combined Maximum Sharpe,combined,maximum_sharpe,Maximum Sharpe,2023-12-01,18,ADA-USD,Crypto,Crypto,0.0,0.0,False
combined_maximum_sharpe,Combined Maximum Sharpe,combined,maximum_sharpe,Maximum Sharpe,2023-12-01,19,AEP,Equity,Utilities,0.0,0.0,False
combined_maximum_sharpe,Combined Maximum Sharpe,combined,maximum_sharpe,Maximum Sharpe,2023-12-01,20,AMGN,Equity,Healthcare,0.0,0.0,False
combined_maximum_sharpe,Combined Maximum Sharpe,combined,maximum_sharpe,Maximum Sharpe,2023-12-01,21,AMT,Equity,RealEstate,0.0,0.0,False
combined_maximum_sharpe,Combined Maximum Sharpe,combined,maximum_sharpe,Maximum Sharpe,2023-12-01,22,CAT,Equity,Industrials,0.0,0.0,False
combined_maximum_sharpe,Combined Maximum Sharpe,combined,maximum_sharpe,Maximum Sharpe,2023-12-01,23,CCI,Equity,RealEstate,0.0,0.0,False
combined_maximum_sharpe,Combined Maximum Sharpe,combined,maximum_sharpe,Maximum Sharpe,2023-12-01,24,CMCSA,Equity,Comm,0.0,0.0,False
combined_maximum_sharpe,Combined Maximum Sharpe,combined,maximum_sharpe,Maximum Sharpe,2023-12-01,25,COP,Equity,Energy,0.0,0.0,False
combined_maximum_sharpe,Combined Maximum Sharpe,combined,maximum_sharpe,Maximum Sharpe,2023-12-01,26,CVX,Equity,Energy,0.0,0.0,False
combined_maximum_sharpe,Combined Maximum Sharpe,combined,maximum_sharpe,Maximum Sharpe,2023-12-01,27,D,Equity,Utilities,0.0,0.0,False
combined_maximum_sharpe,Combined Maximum Sharpe,combined,maximum_sharpe,Maximum Sharpe,2023-12-01,28,DD,Equity,Materials,0.0,0.0,False
combined_maximum_sharpe,Combined Maximum Sharpe,combined,maximum_sharpe,Maximum Sharpe,2023-12-01,29,DIS,Equity,Consumer,0.0,0.0,False
combined_maximum_sharpe,Combined Maximum Sharpe,combined,maximum_sharpe,Maximum Sharpe,2023-12-01,30,DOW,Equity,Materials,0.0,0.0,False
combined_maximum_sharpe,Combined Maximum Sharpe,combined,maximum_sharpe,Maximum Sharpe,2023-12-01,31,DUK,Equity,Utilities,0.0,0.0,False
combined_maximum_sharpe,Combined Maximum Sharpe,combined,maximum_sharpe,Maximum Sharpe,2023-12-01,32,EA,Equity,Comm,0.0,0.0,False
combined_maximum_sharpe,Combined Maximum Sharpe,combined,maximum_sharpe,Maximum Sharpe,2023-12-01,33,EOS-USD,Crypto,Crypto,0.0,0.0,False
combined_maximum_sharpe,Combined Maximum Sharpe,combined,maximum_sharpe,Maximum Sharpe,2023-12-01,34,ETC-USD,Crypto,Crypto,0.0,0.0,False
combined_maximum_sharpe,Combined Maximum Sharpe,combined,maximum_sharpe,Maximum Sharpe,2023-12-01,35,ETH-USD,Crypto,Crypto,0.0,0.0,False
combined_maximum_sharpe,Combined Maximum Sharpe,combined,maximum_sharpe,Maximum Sharpe,2023-12-01,36,GILD,Equity,Healthcare,0.0,0.0,False
combined_maximum_sharpe,Combined Maximum Sharpe,combined,maximum_sharpe,Maximum Sharpe,2023-12-01,37,GS,Equity,Financials,0.0,0.0,False
combined_maximum_sharpe,Combined Maximum Sharpe,combined,maximum_sharpe,Maximum Sharpe,2023-12-01,38,KO,Equity,Consumer,0.0,0.0,False
combined_maximum_sharpe,Combined Maximum Sharpe,combined,maximum_sharpe,Maximum Sharpe,2023-12-01,39,LTC-USD,Crypto,Crypto,0.0,0.0,False
combined_maximum_sharpe,Combined Maximum Sharpe,combined,maximum_sharpe,Maximum Sharpe,2023-12-01,40,MMM,Equity,Industrials,0.0,0.0,False
combined_maximum_sharpe,Combined Maximum Sharpe,combined,maximum_sharpe,Maximum Sharpe,2023-12-01,41,MS,Equity,Financials,0.0,0.0,False
combined_maximum_sharpe,Combined Maximum Sharpe,combined,maximum_sharpe,Maximum Sharpe,2023-12-01,42,NEE,Equity,Utilities,0.0,0.0,False
combined_maximum_sharpe,Combined Maximum Sharpe,combined,maximum_sharpe,Maximum Sharpe,2023-12-01,43,NEM,Equity,Materials,0.0,0.0,False
combined_maximum_sharpe,Combined Maximum Sharpe,combined,maximum_sharpe,Maximum Sharpe,2023-12-01,44,NKE,Equity,Consumer,0.0,0.0,False
combined_maximum_sharpe,Combined Maximum Sharpe,combined,maximum_sharpe,Maximum Sharpe,2023-12-01,45,NUE,Equity,Materials,0.0,0.0,False
combined_maximum_sharpe,Combined Maximum Sharpe,combined,maximum_sharpe,Maximum Sharpe,2023-12-01,46,O,Equity,RealEstate,0.0,0.0,False
combined_maximum_sharpe,Combined Maximum Sharpe,combined,maximum_sharpe,Maximum Sharpe,2023-12-01,47,OXY,Equity,Energy,0.0,0.0,False
combined_maximum_sharpe,Combined Maximum Sharpe,combined,maximum_sharpe,Maximum Sharpe,2023-12-01,48,PLD,Equity,RealEstate,0.0,0.0,False
combined_maximum_sharpe,Combined Maximum Sharpe,combined,maximum_sharpe,Maximum Sharpe,2023-12-01,49,PSA,Equity,RealEstate,0.0,0.0,False
combined_maximum_sharpe,Combined Maximum Sharpe,combined,maximum_sharpe,Maximum Sharpe,2023-12-01,50,QCOM,Equity,Tech,0.0,0.0,False
combined_maximum_sharpe,Combined Maximum Sharpe,combined,maximum_sharpe,Maximum Sharpe,2023-12-01,51,SBUX,Equity,Consumer,0.0,0.0,False
combined_maximum_sharpe,Combined Maximum Sharpe,combined,maximum_sharpe,Maximum Sharpe,2023-12-01,52,SHW,Equity,Materials,0.0,0.0,False
combined_maximum_sharpe,Combined Maximum Sharpe,combined,maximum_sharpe,Maximum Sharpe,2023-12-01,53,SLB,Equity,Energy,0.0,0.0,False
combined_maximum_sharpe,Combined Maximum Sharpe,combined,maximum_sharpe,Maximum Sharpe,2023-12-01,54,T,Equity,Comm,0.0,0.0,False
combined_maximum_sharpe,Combined Maximum Sharpe,combined,maximum_sharpe,Maximum Sharpe,2023-12-01,55,TRX-USD,Crypto,Crypto,0.0,0.0,False
combined_maximum_sharpe,Combined Maximum Sharpe,combined,maximum_sharpe,Maximum Sharpe,2023-12-01,56,UPS,Equity,Industrials,0.0,0.0,False
combined_maximum_sharpe,Combined Maximum Sharpe,combined,maximum_sharpe,Maximum Sharpe,2023-12-01,57,USB,Equity,Financials,0.0,0.0,False
combined_maximum_sharpe,Combined Maximum Sharpe,combined,maximum_sharpe,Maximum Sharpe,2023-12-01,58,WFC,Equity,Financials,0.0,0.0,False
combined_maximum_sharpe,Combined Maximum Sharpe,combined,maximum_sharpe,Maximum Sharpe,2023-12-01,59,XLM-USD,Crypto,Crypto,0.0,0.0,False
combined_maximum_sharpe,Combined Maximum Sharpe,combined,maximum_sharpe,Maximum Sharpe,2023-12-01,60,XOM,Equity,Energy,0.0,0.0,False
combined_minimum_variance,Combined Minimum Variance,combined,minimum_variance,Minimum Variance,2023-12-01,1,KO,Equity,Consumer,0.1,10.0,True
combined_minimum_variance,Combined Minimum Variance,combined,minimum_variance,Minimum Variance,2023-12-01,2,MRK,Equity,Healthcare,0.1,10.0,True
combined_minimum_variance,Combined Minimum Variance,combined,minimum_variance,Minimum Variance,2023-12-01,3,WMT,Equity,Consumer,0.1,10.0,True
combined_minimum_variance,Combined Minimum Variance,combined,minimum_variance,Minimum Variance,2023-12-01,4,ABBV,Equity,Healthcare,0.0999999999999999,9.99999999999999,True
combined_minimum_variance,Combined Minimum Variance,combined,minimum_variance,Minimum Variance,2023-12-01,5,V,Equity,Financials,0.0999999999999999,9.99999999999999,True
combined_minimum_variance,Combined Minimum Variance,combined,minimum_variance,Minimum Variance,2023-12-01,6,TMUS,Equity,Comm,0.0893011467528036,8.93011467528036,True
combined_minimum_variance,Combined Minimum Variance,combined,minimum_variance,Minimum Variance,2023-12-01,7,O,Equity,RealEstate,0.083212791343519,8.3212791343519,True
combined_minimum_variance,Combined Minimum Variance,combined,minimum_variance,Minimum Variance,2023-12-01,8,EA,Equity,Comm,0.0496709826696273,4.96709826696273,True
combined_minimum_variance,Combined Minimum Variance,combined,minimum_variance,Minimum Variance,2023-12-01,9,DUK,Equity,Utilities,0.0419710793555696,4.197107935556961,True
combined_minimum_variance,Combined Minimum Variance,combined,minimum_variance,Minimum Variance,2023-12-01,10,CVX,Equity,Energy,0.0403366906834265,4.0336690683426495,True
combined_minimum_variance,Combined Minimum Variance,combined,minimum_variance,Minimum Variance,2023-12-01,11,T,Equity,Comm,0.0350560686811461,3.50560686811461,True
combined_minimum_variance,Combined Minimum Variance,combined,minimum_variance,Minimum Variance,2023-12-01,12,ABT,Equity,Healthcare,0.0307022069139194,3.07022069139194,True
combined_minimum_variance,Combined Minimum Variance,combined,minimum_variance,Minimum Variance,2023-12-01,13,AMGN,Equity,Healthcare,0.0236738183767428,2.36738183767428,True
combined_minimum_variance,Combined Minimum Variance,combined,minimum_variance,Minimum Variance,2023-12-01,14,GE,Equity,Industrials,0.0182187920895152,1.82187920895152,True
combined_minimum_variance,Combined Minimum Variance,combined,minimum_variance,Minimum Variance,2023-12-01,15,BTC-USD,Crypto,Crypto,0.0160286239211367,1.60286239211367,True
combined_minimum_variance,Combined Minimum Variance,combined,minimum_variance,Minimum Variance,2023-12-01,16,TRX-USD,Crypto,Crypto,0.0158138474969167,1.5813847496916702,True
combined_minimum_variance,Combined Minimum Variance,combined,minimum_variance,Minimum Variance,2023-12-01,17,OXY,Equity,Energy,0.0123287500326928,1.23287500326928,True
combined_minimum_variance,Combined Minimum Variance,combined,minimum_variance,Minimum Variance,2023-12-01,18,NVDA,Equity,Tech,0.0117000094300377,1.17000094300377,True
combined_minimum_variance,Combined Minimum Variance,combined,minimum_variance,Minimum Variance,2023-12-01,19,AMD,Equity,Tech,0.0091975240652065,0.91975240652065,True
combined_minimum_variance,Combined Minimum Variance,combined,minimum_variance,Minimum Variance,2023-12-01,20,NEM,Equity,Materials,0.0067872843132009,0.6787284313200901,True
combined_minimum_variance,Combined Minimum Variance,combined,minimum_variance,Minimum Variance,2023-12-01,21,DOW,Equity,Materials,0.0067789229815495,0.67789229815495,True
combined_minimum_variance,Combined Minimum Variance,combined,minimum_variance,Minimum Variance,2023-12-01,22,DD,Equity,Materials,0.0046823222505608,0.46823222505608,True
combined_minimum_variance,Combined Minimum Variance,combined,minimum_variance,Minimum Variance,2023-12-01,23,XOM,Equity,Energy,0.004539138642428,0.45391386424280006,True
combined_minimum_variance,Combined Minimum Variance,combined,minimum_variance,Minimum Variance,2023-12-01,24,ADA-USD,Crypto,Crypto,0.0,0.0,False
combined_minimum_variance,Combined Minimum Variance,combined,minimum_variance,Minimum Variance,2023-12-01,25,ADBE,Equity,Tech,0.0,0.0,False
combined_minimum_variance,Combined Minimum Variance,combined,minimum_variance,Minimum Variance,2023-12-01,26,AEP,Equity,Utilities,0.0,0.0,False
combined_minimum_variance,Combined Minimum Variance,combined,minimum_variance,Minimum Variance,2023-12-01,27,AMT,Equity,RealEstate,0.0,0.0,False
combined_minimum_variance,Combined Minimum Variance,combined,minimum_variance,Minimum Variance,2023-12-01,28,BA,Equity,Industrials,0.0,0.0,False
combined_minimum_variance,Combined Minimum Variance,combined,minimum_variance,Minimum Variance,2023-12-01,29,BCH-USD,Crypto,Crypto,0.0,0.0,False
combined_minimum_variance,Combined Minimum Variance,combined,minimum_variance,Minimum Variance,2023-12-01,30,CAT,Equity,Industrials,0.0,0.0,False
combined_minimum_variance,Combined Minimum Variance,combined,minimum_variance,Minimum Variance,2023-12-01,31,CCI,Equity,RealEstate,0.0,0.0,False
combined_minimum_variance,Combined Minimum Variance,combined,minimum_variance,Minimum Variance,2023-12-01,32,CMCSA,Equity,Comm,0.0,0.0,False
combined_minimum_variance,Combined Minimum Variance,combined,minimum_variance,Minimum Variance,2023-12-01,33,COP,Equity,Energy,0.0,0.0,False
combined_minimum_variance,Combined Minimum Variance,combined,minimum_variance,Minimum Variance,2023-12-01,34,D,Equity,Utilities,0.0,0.0,False
combined_minimum_variance,Combined Minimum Variance,combined,minimum_variance,Minimum Variance,2023-12-01,35,DIS,Equity,Consumer,0.0,0.0,False
combined_minimum_variance,Combined Minimum Variance,combined,minimum_variance,Minimum Variance,2023-12-01,36,EOS-USD,Crypto,Crypto,0.0,0.0,False
combined_minimum_variance,Combined Minimum Variance,combined,minimum_variance,Minimum Variance,2023-12-01,37,ETC-USD,Crypto,Crypto,0.0,0.0,False
combined_minimum_variance,Combined Minimum Variance,combined,minimum_variance,Minimum Variance,2023-12-01,38,ETH-USD,Crypto,Crypto,0.0,0.0,False
combined_minimum_variance,Combined Minimum Variance,combined,minimum_variance,Minimum Variance,2023-12-01,39,GILD,Equity,Healthcare,0.0,0.0,False
combined_minimum_variance,Combined Minimum Variance,combined,minimum_variance,Minimum Variance,2023-12-01,40,GS,Equity,Financials,0.0,0.0,False
combined_minimum_variance,Combined Minimum Variance,combined,minimum_variance,Minimum Variance,2023-12-01,41,INTC,Equity,Tech,0.0,0.0,False
combined_minimum_variance,Combined Minimum Variance,combined,minimum_variance,Minimum Variance,2023-12-01,42,LTC-USD,Crypto,Crypto,0.0,0.0,False
combined_minimum_variance,Combined Minimum Variance,combined,minimum_variance,Minimum Variance,2023-12-01,43,MMM,Equity,Industrials,0.0,0.0,False
combined_minimum_variance,Combined Minimum Variance,combined,minimum_variance,Minimum Variance,2023-12-01,44,MS,Equity,Financials,0.0,0.0,False
combined_minimum_variance,Combined Minimum Variance,combined,minimum_variance,Minimum Variance,2023-12-01,45,NEE,Equity,Utilities,0.0,0.0,False
combined_minimum_variance,Combined Minimum Variance,combined,minimum_variance,Minimum Variance,2023-12-01,46,NKE,Equity,Consumer,0.0,0.0,False
combined_minimum_variance,Combined Minimum Variance,combined,minimum_variance,Minimum Variance,2023-12-01,47,NUE,Equity,Materials,0.0,0.0,False
combined_minimum_variance,Combined Minimum Variance,combined,minimum_variance,Minimum Variance,2023-12-01,48,PLD,Equity,RealEstate,0.0,0.0,False
combined_minimum_variance,Combined Minimum Variance,combined,minimum_variance,Minimum Variance,2023-12-01,49,PSA,Equity,RealEstate,0.0,0.0,False
combined_minimum_variance,Combined Minimum Variance,combined,minimum_variance,Minimum Variance,2023-12-01,50,QCOM,Equity,Tech,0.0,0.0,False
combined_minimum_variance,Combined Minimum Variance,combined,minimum_variance,Minimum Variance,2023-12-01,51,SBUX,Equity,Consumer,0.0,0.0,False
combined_minimum_variance,Combined Minimum Variance,combined,minimum_variance,Minimum Variance,2023-12-01,52,SHW,Equity,Materials,0.0,0.0,False
combined_minimum_variance,Combined Minimum Variance,combined,minimum_variance,Minimum Variance,2023-12-01,53,SLB,Equity,Energy,0.0,0.0,False
combined_minimum_variance,Combined Minimum Variance,combined,minimum_variance,Minimum Variance,2023-12-01,54,SO,Equity,Utilities,0.0,0.0,False
combined_minimum_variance,Combined Minimum Variance,combined,minimum_variance,Minimum Variance,2023-12-01,55,TTWO,Equity,Comm,0.0,0.0,False
combined_minimum_variance,Combined Minimum Variance,combined,minimum_variance,Minimum Variance,2023-12-01,56,UPS,Equity,Industrials,0.0,0.0,False
combined_minimum_variance,Combined Minimum Variance,combined,minimum_variance,Minimum Variance,2023-12-01,57,USB,Equity,Financials,0.0,0.0,False
combined_minimum_variance,Combined Minimum Variance,combined,minimum_variance,Minimum Variance,2023-12-01,58,WFC,Equity,Financials,0.0,0.0,False
combined_minimum_variance,Combined Minimum Variance,combined,minimum_variance,Minimum Variance,2023-12-01,59,XLM-USD,Crypto,Crypto,0.0,0.0,False
combined_minimum_variance,Combined Minimum Variance,combined,minimum_variance,Minimum Variance,2023-12-01,60,XRP-USD,Crypto,Crypto,0.0,0.0,False
combined_risk_parity,Combined Risk Parity,combined,risk_parity,Risk Parity,2023-12-01,1,MRK,Equity,Healthcare,0.038058828393816,3.8058828393815998,True
combined_risk_parity,Combined Risk Parity,combined,risk_parity,Risk Parity,2023-12-01,2,ABBV,Equity,Healthcare,0.0374299625027744,3.7429962502774403,True
combined_risk_parity,Combined Risk Parity,combined,risk_parity,Risk Parity,2023-12-01,3,WMT,Equity,Consumer,0.0336922225424687,3.3692222542468704,True
combined_risk_parity,Combined Risk Parity,combined,risk_parity,Risk Parity,2023-12-01,4,KO,Equity,Consumer,0.0319356804358175,3.19356804358175,True
combined_risk_parity,Combined Risk Parity,combined,risk_parity,Risk Parity,2023-12-01,5,TMUS,Equity,Comm,0.0316735618597679,3.16735618597679,True
combined_risk_parity,Combined Risk Parity,combined,risk_parity,Risk Parity,2023-12-01,6,AMGN,Equity,Healthcare,0.0251988319088615,2.51988319088615,True
combined_risk_parity,Combined Risk Parity,combined,risk_parity,Risk Parity,2023-12-01,7,GILD,Equity,Healthcare,0.0237658124428577,2.37658124428577,True
combined_risk_parity,Combined Risk Parity,combined,risk_parity,Risk Parity,2023-12-01,8,DUK,Equity,Utilities,0.0235233076236876,2.35233076236876,True
combined_risk_parity,Combined Risk Parity,combined,risk_parity,Risk Parity,2023-12-01,9,ABT,Equity,Healthcare,0.0228865399789981,2.28865399789981,True
combined_risk_parity,Combined Risk Parity,combined,risk_parity,Risk Parity,2023-12-01,10,T,Equity,Comm,0.0221945303724513,2.2194530372451298,True
combined_risk_parity,Combined Risk Parity,combined,risk_parity,Risk Parity,2023-12-01,11,SO,Equity,Utilities,0.021669406675827,2.1669406675827,True
combined_risk_parity,Combined Risk Parity,combined,risk_parity,Risk Parity,2023-12-01,12,EA,Equity,Comm,0.0214400532108974,2.14400532108974,True
combined_risk_parity,Combined Risk Parity,combined,risk_parity,Risk Parity,2023-12-01,13,O,Equity,RealEstate,0.0210438550535696,2.10438550535696,True
combined_risk_parity,Combined Risk Parity,combined,risk_parity,Risk Parity,2023-12-01,14,V,Equity,Financials,0.0209501251555672,2.09501251555672,True
combined_risk_parity,Combined Risk Parity,combined,risk_parity,Risk Parity,2023-12-01,15,AEP,Equity,Utilities,0.0198300704585368,1.9830070458536802,True
combined_risk_parity,Combined Risk Parity,combined,risk_parity,Risk Parity,2023-12-01,16,CVX,Equity,Energy,0.0191549608585863,1.91549608585863,True
combined_risk_parity,Combined Risk Parity,combined,risk_parity,Risk Parity,2023-12-01,17,XOM,Equity,Energy,0.0187788183141518,1.8778818314151802,True
combined_risk_parity,Combined Risk Parity,combined,risk_parity,Risk Parity,2023-12-01,18,D,Equity,Utilities,0.0182765074773377,1.8276507477337702,True
combined_risk_parity,Combined Risk Parity,combined,risk_parity,Risk Parity,2023-12-01,19,PSA,Equity,RealEstate,0.0179617259547456,1.79617259547456,True
combined_risk_parity,Combined Risk Parity,combined,risk_parity,Risk Parity,2023-12-01,20,NEM,Equity,Materials,0.0177762476824966,1.77762476824966,True
combined_risk_parity,Combined Risk Parity,combined,risk_parity,Risk Parity,2023-12-01,21,GE,Equity,Industrials,0.0173511424457319,1.73511424457319,True
combined_risk_parity,Combined Risk Parity,combined,risk_parity,Risk Parity,2023-12-01,22,NEE,Equity,Utilities,0.0171625880202325,1.7162588020232499,True
combined_risk_parity,Combined Risk Parity,combined,risk_parity,Risk Parity,2023-12-01,23,CMCSA,Equity,Comm,0.0167754189943784,1.67754189943784,True
combined_risk_parity,Combined Risk Parity,combined,risk_parity,Risk Parity,2023-12-01,24,SBUX,Equity,Consumer,0.0163101628456679,1.63101628456679,True
combined_risk_parity,Combined Risk Parity,combined,risk_parity,Risk Parity,2023-12-01,25,OXY,Equity,Energy,0.0162046598995854,1.6204659899585399,True
combined_risk_parity,Combined Risk Parity,combined,risk_parity,Risk Parity,2023-12-01,26,COP,Equity,Energy,0.0154841295707715,1.54841295707715,True
combined_risk_parity,Combined Risk Parity,combined,risk_parity,Risk Parity,2023-12-01,27,DOW,Equity,Materials,0.0152645191698315,1.52645191698315,True
combined_risk_parity,Combined Risk Parity,combined,risk_parity,Risk Parity,2023-12-01,28,UPS,Equity,Industrials,0.0151746178537229,1.5174617853722898,True
combined_risk_parity,Combined Risk Parity,combined,risk_parity,Risk Parity,2023-12-01,29,GS,Equity,Financials,0.0151373811912927,1.51373811912927,True
combined_risk_parity,Combined Risk Parity,combined,risk_parity,Risk Parity,2023-12-01,30,TTWO,Equity,Comm,0.0149439831446272,1.49439831446272,True
combined_risk_parity,Combined Risk Parity,combined,risk_parity,Risk Parity,2023-12-01,31,SHW,Equity,Materials,0.0147912719991902,1.4791271999190199,True
combined_risk_parity,Combined Risk Parity,combined,risk_parity,Risk Parity,2023-12-01,32,DD,Equity,Materials,0.0145091787069817,1.45091787069817,True
combined_risk_parity,Combined Risk Parity,combined,risk_parity,Risk Parity,2023-12-01,33,CCI,Equity,RealEstate,0.014354209137879,1.4354209137879,True
combined_risk_parity,Combined Risk Parity,combined,risk_parity,Risk Parity,2023-12-01,34,WFC,Equity,Financials,0.0141826698401842,1.41826698401842,True
combined_risk_parity,Combined Risk Parity,combined,risk_parity,Risk Parity,2023-12-01,35,AMT,Equity,RealEstate,0.0141711990284466,1.41711990284466,True
combined_risk_parity,Combined Risk Parity,combined,risk_parity,Risk Parity,2023-12-01,36,SLB,Equity,Energy,0.0140797078574512,1.40797078574512,True
combined_risk_parity,Combined Risk Parity,combined,risk_parity,Risk Parity,2023-12-01,37,BA,Equity,Industrials,0.0140611860362641,1.40611860362641,True
combined_risk_parity,Combined Risk Parity,combined,risk_parity,Risk Parity,2023-12-01,38,CAT,Equity,Industrials,0.0140255163051919,1.4025516305191899,True
combined_risk_parity,Combined Risk Parity,combined,risk_parity,Risk Parity,2023-12-01,39,DIS,Equity,Consumer,0.0137078194194593,1.37078194194593,True
combined_risk_parity,Combined Risk Parity,combined,risk_parity,Risk Parity,2023-12-01,40,MS,Equity,Financials,0.0135954603527093,1.3595460352709299,True
combined_risk_parity,Combined Risk Parity,combined,risk_parity,Risk Parity,2023-12-01,41,NKE,Equity,Consumer,0.0135399025124194,1.35399025124194,True
combined_risk_parity,Combined Risk Parity,combined,risk_parity,Risk Parity,2023-12-01,42,INTC,Equity,Tech,0.0131243767817944,1.31243767817944,True
combined_risk_parity,Combined Risk Parity,combined,risk_parity,Risk Parity,2023-12-01,43,TRX-USD,Crypto,Crypto,0.0130233246718132,1.30233246718132,True
combined_risk_parity,Combined Risk Parity,combined,risk_parity,Risk Parity,2023-12-01,44,MMM,Equity,Industrials,0.0129301469771025,1.29301469771025,True
combined_risk_parity,Combined Risk Parity,combined,risk_parity,Risk Parity,2023-12-01,45,ADBE,Equity,Tech,0.0125842253074592,1.25842253074592,True
combined_risk_parity,Combined Risk Parity,combined,risk_parity,Risk Parity,2023-12-01,46,BTC-USD,Crypto,Crypto,0.0124662257691226,1.24662257691226,True
combined_risk_parity,Combined Risk Parity,combined,risk_parity,Risk Parity,2023-12-01,47,AMD,Equity,Tech,0.0123982521720926,1.23982521720926,True
combined_risk_parity,Combined Risk Parity,combined,risk_parity,Risk Parity,2023-12-01,48,PLD,Equity,RealEstate,0.0123577523262157,1.23577523262157,True
combined_risk_parity,Combined Risk Parity,combined,risk_parity,Risk Parity,2023-12-01,49,NVDA,Equity,Tech,0.0118838989364139,1.18838989364139,True
combined_risk_parity,Combined Risk Parity,combined,risk_parity,Risk Parity,2023-12-01,50,NUE,Equity,Materials,0.0115083987762341,1.1508398776234101,True
combined_risk_parity,Combined Risk Parity,combined,risk_parity,Risk Parity,2023-12-01,51,QCOM,Equity,Tech,0.011102126738064,1.1102126738064,True
combined_risk_parity,Combined Risk Parity,combined,risk_parity,Risk Parity,2023-12-01,52,ETH-USD,Crypto,Crypto,0.0109352603424318,1.09352603424318,True
combined_risk_parity,Combined Risk Parity,combined,risk_parity,Risk Parity,2023-12-01,53,USB,Equity,Financials,0.0091513515700416,0.9151351570041599,True
combined_risk_parity,Combined Risk Parity,combined,risk_parity,Risk Parity,2023-12-01,54,BCH-USD,Crypto,Crypto,0.0089331712001326,0.89331712001326,True
combined_risk_parity,Combined Risk Parity,combined,risk_parity,Risk Parity,2023-12-01,55,LTC-USD,Crypto,Crypto,0.008537003058802,0.8537003058802,True
combined_risk_parity,Combined Risk Parity,combined,risk_parity,Risk Parity,2023-12-01,56,EOS-USD,Crypto,Crypto,0.0082050305334617,0.82050305334617,True
combined_risk_parity,Combined Risk Parity,combined,risk_parity,Risk Parity,2023-12-01,57,ADA-USD,Crypto,Crypto,0.0079194254401815,0.79194254401815,True
combined_risk_parity,Combined Risk Parity,combined,risk_parity,Risk Parity,2023-12-01,58,ETC-USD,Crypto,Crypto,0.0071083635566074,0.71083635566074,True
combined_risk_parity,Combined Risk Parity,combined,risk_parity,Risk Parity,2023-12-01,59,XLM-USD,Crypto,Crypto,0.0069403221156719,0.69403221156719,True
combined_risk_parity,Combined Risk Parity,combined,risk_parity,Risk Parity,2023-12-01,60,XRP-USD,Crypto,Crypto,0.0068235704911191,0.6823570491119101,True
crypto_equal_weight,Crypto Equal Weight,crypto,equal_weight,Equal Weight,2023-12-01,1,ADA-USD,Crypto,Crypto,0.1,10.0,True
crypto_equal_weight,Crypto Equal Weight,crypto,equal_weight,Equal Weight,2023-12-01,2,BCH-USD,Crypto,Crypto,0.1,10.0,True
crypto_equal_weight,Crypto Equal Weight,crypto,equal_weight,Equal Weight,2023-12-01,3,BTC-USD,Crypto,Crypto,0.1,10.0,True
crypto_equal_weight,Crypto Equal Weight,crypto,equal_weight,Equal Weight,2023-12-01,4,EOS-USD,Crypto,Crypto,0.1,10.0,True
crypto_equal_weight,Crypto Equal Weight,crypto,equal_weight,Equal Weight,2023-12-01,5,ETC-USD,Crypto,Crypto,0.1,10.0,True
crypto_equal_weight,Crypto Equal Weight,crypto,equal_weight,Equal Weight,2023-12-01,6,ETH-USD,Crypto,Crypto,0.1,10.0,True
crypto_equal_weight,Crypto Equal Weight,crypto,equal_weight,Equal Weight,2023-12-01,7,LTC-USD,Crypto,Crypto,0.1,10.0,True
crypto_equal_weight,Crypto Equal Weight,crypto,equal_weight,Equal Weight,2023-12-01,8,TRX-USD,Crypto,Crypto,0.1,10.0,True
crypto_equal_weight,Crypto Equal Weight,crypto,equal_weight,Equal Weight,2023-12-01,9,XLM-USD,Crypto,Crypto,0.1,10.0,True
crypto_equal_weight,Crypto Equal Weight,crypto,equal_weight,Equal Weight,2023-12-01,10,XRP-USD,Crypto,Crypto,0.1,10.0,True
crypto_maximum_sharpe,Crypto Maximum Sharpe,crypto,maximum_sharpe,Maximum Sharpe,2023-12-01,1,BTC-USD,Crypto,Crypto,0.2499999999999992,24.99999999999992,True
crypto_maximum_sharpe,Crypto Maximum Sharpe,crypto,maximum_sharpe,Maximum Sharpe,2023-12-01,2,TRX-USD,Crypto,Crypto,0.2499999999999992,24.99999999999992,True
crypto_maximum_sharpe,Crypto Maximum Sharpe,crypto,maximum_sharpe,Maximum Sharpe,2023-12-01,3,BCH-USD,Crypto,Crypto,0.2251841539093073,22.51841539093073,True
crypto_maximum_sharpe,Crypto Maximum Sharpe,crypto,maximum_sharpe,Maximum Sharpe,2023-12-01,4,ETH-USD,Crypto,Crypto,0.2031589923738914,20.31589923738914,True
crypto_maximum_sharpe,Crypto Maximum Sharpe,crypto,maximum_sharpe,Maximum Sharpe,2023-12-01,5,XRP-USD,Crypto,Crypto,0.0716568537168027,7.1656853716802695,True
crypto_maximum_sharpe,Crypto Maximum Sharpe,crypto,maximum_sharpe,Maximum Sharpe,2023-12-01,6,ADA-USD,Crypto,Crypto,0.0,0.0,False
crypto_maximum_sharpe,Crypto Maximum Sharpe,crypto,maximum_sharpe,Maximum Sharpe,2023-12-01,7,EOS-USD,Crypto,Crypto,0.0,0.0,False
crypto_maximum_sharpe,Crypto Maximum Sharpe,crypto,maximum_sharpe,Maximum Sharpe,2023-12-01,8,ETC-USD,Crypto,Crypto,0.0,0.0,False
crypto_maximum_sharpe,Crypto Maximum Sharpe,crypto,maximum_sharpe,Maximum Sharpe,2023-12-01,9,LTC-USD,Crypto,Crypto,0.0,0.0,False
crypto_maximum_sharpe,Crypto Maximum Sharpe,crypto,maximum_sharpe,Maximum Sharpe,2023-12-01,10,XLM-USD,Crypto,Crypto,0.0,0.0,False
crypto_minimum_variance,Crypto Minimum Variance,crypto,minimum_variance,Minimum Variance,2023-12-01,1,BTC-USD,Crypto,Crypto,0.2499999999999999,24.99999999999999,True
crypto_minimum_variance,Crypto Minimum Variance,crypto,minimum_variance,Minimum Variance,2023-12-01,2,ETH-USD,Crypto,Crypto,0.2499999999999999,24.99999999999999,True
crypto_minimum_variance,Crypto Minimum Variance,crypto,minimum_variance,Minimum Variance,2023-12-01,3,TRX-USD,Crypto,Crypto,0.2499999999999999,24.99999999999999,True
crypto_minimum_variance,Crypto Minimum Variance,crypto,minimum_variance,Minimum Variance,2023-12-01,4,EOS-USD,Crypto,Crypto,0.0871910031850122,8.719100318501221,True
crypto_minimum_variance,Crypto Minimum Variance,crypto,minimum_variance,Minimum Variance,2023-12-01,5,BCH-USD,Crypto,Crypto,0.0531574023777356,5.31574023777356,True
crypto_minimum_variance,Crypto Minimum Variance,crypto,minimum_variance,Minimum Variance,2023-12-01,6,ADA-USD,Crypto,Crypto,0.045048438573033,4.5048438573033,True
crypto_minimum_variance,Crypto Minimum Variance,crypto,minimum_variance,Minimum Variance,2023-12-01,7,XLM-USD,Crypto,Crypto,0.0336062536664378,3.3606253666437804,True
crypto_minimum_variance,Crypto Minimum Variance,crypto,minimum_variance,Minimum Variance,2023-12-01,8,LTC-USD,Crypto,Crypto,0.0309969021977814,3.09969021977814,True
crypto_minimum_variance,Crypto Minimum Variance,crypto,minimum_variance,Minimum Variance,2023-12-01,9,ETC-USD,Crypto,Crypto,0.0,0.0,False
crypto_minimum_variance,Crypto Minimum Variance,crypto,minimum_variance,Minimum Variance,2023-12-01,10,XRP-USD,Crypto,Crypto,0.0,0.0,False
crypto_risk_parity,Crypto Risk Parity,crypto,risk_parity,Risk Parity,2023-12-01,1,TRX-USD,Crypto,Crypto,0.15513608695095,15.513608695095,True
crypto_risk_parity,Crypto Risk Parity,crypto,risk_parity,Risk Parity,2023-12-01,2,BTC-USD,Crypto,Crypto,0.132786500719761,13.2786500719761,True
crypto_risk_parity,Crypto Risk Parity,crypto,risk_parity,Risk Parity,2023-12-01,3,ETH-USD,Crypto,Crypto,0.1166764094061572,11.667640940615719,True
crypto_risk_parity,Crypto Risk Parity,crypto,risk_parity,Risk Parity,2023-12-01,4,EOS-USD,Crypto,Crypto,0.09096166060039,9.096166060039,True
crypto_risk_parity,Crypto Risk Parity,crypto,risk_parity,Risk Parity,2023-12-01,5,BCH-USD,Crypto,Crypto,0.0903556159331091,9.035561593310911,True
crypto_risk_parity,Crypto Risk Parity,crypto,risk_parity,Risk Parity,2023-12-01,6,LTC-USD,Crypto,Crypto,0.089403319591739,8.9403319591739,True
crypto_risk_parity,Crypto Risk Parity,crypto,risk_parity,Risk Parity,2023-12-01,7,ADA-USD,Crypto,Crypto,0.0882533634772672,8.82533634772672,True
crypto_risk_parity,Crypto Risk Parity,crypto,risk_parity,Risk Parity,2023-12-01,8,ETC-USD,Crypto,Crypto,0.0868433493410398,8.68433493410398,True
crypto_risk_parity,Crypto Risk Parity,crypto,risk_parity,Risk Parity,2023-12-01,9,XLM-USD,Crypto,Crypto,0.0766857014146486,7.66857014146486,True
crypto_risk_parity,Crypto Risk Parity,crypto,risk_parity,Risk Parity,2023-12-01,10,XRP-USD,Crypto,Crypto,0.0728979925649376,7.289799256493761,True
equity_equal_weight,Equity Equal Weight,equity,equal_weight,Equal Weight,2023-12-01,1,ABBV,Equity,Healthcare,0.02,2.0,True
equity_equal_weight,Equity Equal Weight,equity,equal_weight,Equal Weight,2023-12-01,2,ABT,Equity,Healthcare,0.02,2.0,True
equity_equal_weight,Equity Equal Weight,equity,equal_weight,Equal Weight,2023-12-01,3,ADBE,Equity,Tech,0.02,2.0,True
equity_equal_weight,Equity Equal Weight,equity,equal_weight,Equal Weight,2023-12-01,4,AEP,Equity,Utilities,0.02,2.0,True
equity_equal_weight,Equity Equal Weight,equity,equal_weight,Equal Weight,2023-12-01,5,AMD,Equity,Tech,0.02,2.0,True
equity_equal_weight,Equity Equal Weight,equity,equal_weight,Equal Weight,2023-12-01,6,AMGN,Equity,Healthcare,0.02,2.0,True
equity_equal_weight,Equity Equal Weight,equity,equal_weight,Equal Weight,2023-12-01,7,AMT,Equity,RealEstate,0.02,2.0,True
equity_equal_weight,Equity Equal Weight,equity,equal_weight,Equal Weight,2023-12-01,8,BA,Equity,Industrials,0.02,2.0,True
equity_equal_weight,Equity Equal Weight,equity,equal_weight,Equal Weight,2023-12-01,9,CAT,Equity,Industrials,0.02,2.0,True
equity_equal_weight,Equity Equal Weight,equity,equal_weight,Equal Weight,2023-12-01,10,CCI,Equity,RealEstate,0.02,2.0,True
equity_equal_weight,Equity Equal Weight,equity,equal_weight,Equal Weight,2023-12-01,11,CMCSA,Equity,Comm,0.02,2.0,True
equity_equal_weight,Equity Equal Weight,equity,equal_weight,Equal Weight,2023-12-01,12,COP,Equity,Energy,0.02,2.0,True
equity_equal_weight,Equity Equal Weight,equity,equal_weight,Equal Weight,2023-12-01,13,CVX,Equity,Energy,0.02,2.0,True
equity_equal_weight,Equity Equal Weight,equity,equal_weight,Equal Weight,2023-12-01,14,D,Equity,Utilities,0.02,2.0,True
equity_equal_weight,Equity Equal Weight,equity,equal_weight,Equal Weight,2023-12-01,15,DD,Equity,Materials,0.02,2.0,True
equity_equal_weight,Equity Equal Weight,equity,equal_weight,Equal Weight,2023-12-01,16,DIS,Equity,Consumer,0.02,2.0,True
equity_equal_weight,Equity Equal Weight,equity,equal_weight,Equal Weight,2023-12-01,17,DOW,Equity,Materials,0.02,2.0,True
equity_equal_weight,Equity Equal Weight,equity,equal_weight,Equal Weight,2023-12-01,18,DUK,Equity,Utilities,0.02,2.0,True
equity_equal_weight,Equity Equal Weight,equity,equal_weight,Equal Weight,2023-12-01,19,EA,Equity,Comm,0.02,2.0,True
equity_equal_weight,Equity Equal Weight,equity,equal_weight,Equal Weight,2023-12-01,20,GE,Equity,Industrials,0.02,2.0,True
equity_equal_weight,Equity Equal Weight,equity,equal_weight,Equal Weight,2023-12-01,21,GILD,Equity,Healthcare,0.02,2.0,True
equity_equal_weight,Equity Equal Weight,equity,equal_weight,Equal Weight,2023-12-01,22,GS,Equity,Financials,0.02,2.0,True
equity_equal_weight,Equity Equal Weight,equity,equal_weight,Equal Weight,2023-12-01,23,INTC,Equity,Tech,0.02,2.0,True
equity_equal_weight,Equity Equal Weight,equity,equal_weight,Equal Weight,2023-12-01,24,KO,Equity,Consumer,0.02,2.0,True
equity_equal_weight,Equity Equal Weight,equity,equal_weight,Equal Weight,2023-12-01,25,MMM,Equity,Industrials,0.02,2.0,True
equity_equal_weight,Equity Equal Weight,equity,equal_weight,Equal Weight,2023-12-01,26,MRK,Equity,Healthcare,0.02,2.0,True
equity_equal_weight,Equity Equal Weight,equity,equal_weight,Equal Weight,2023-12-01,27,MS,Equity,Financials,0.02,2.0,True
equity_equal_weight,Equity Equal Weight,equity,equal_weight,Equal Weight,2023-12-01,28,NEE,Equity,Utilities,0.02,2.0,True
equity_equal_weight,Equity Equal Weight,equity,equal_weight,Equal Weight,2023-12-01,29,NEM,Equity,Materials,0.02,2.0,True
equity_equal_weight,Equity Equal Weight,equity,equal_weight,Equal Weight,2023-12-01,30,NKE,Equity,Consumer,0.02,2.0,True
equity_equal_weight,Equity Equal Weight,equity,equal_weight,Equal Weight,2023-12-01,31,NUE,Equity,Materials,0.02,2.0,True
equity_equal_weight,Equity Equal Weight,equity,equal_weight,Equal Weight,2023-12-01,32,NVDA,Equity,Tech,0.02,2.0,True
equity_equal_weight,Equity Equal Weight,equity,equal_weight,Equal Weight,2023-12-01,33,O,Equity,RealEstate,0.02,2.0,True
equity_equal_weight,Equity Equal Weight,equity,equal_weight,Equal Weight,2023-12-01,34,OXY,Equity,Energy,0.02,2.0,True
equity_equal_weight,Equity Equal Weight,equity,equal_weight,Equal Weight,2023-12-01,35,PLD,Equity,RealEstate,0.02,2.0,True
equity_equal_weight,Equity Equal Weight,equity,equal_weight,Equal Weight,2023-12-01,36,PSA,Equity,RealEstate,0.02,2.0,True
equity_equal_weight,Equity Equal Weight,equity,equal_weight,Equal Weight,2023-12-01,37,QCOM,Equity,Tech,0.02,2.0,True
equity_equal_weight,Equity Equal Weight,equity,equal_weight,Equal Weight,2023-12-01,38,SBUX,Equity,Consumer,0.02,2.0,True
equity_equal_weight,Equity Equal Weight,equity,equal_weight,Equal Weight,2023-12-01,39,SHW,Equity,Materials,0.02,2.0,True
equity_equal_weight,Equity Equal Weight,equity,equal_weight,Equal Weight,2023-12-01,40,SLB,Equity,Energy,0.02,2.0,True
equity_equal_weight,Equity Equal Weight,equity,equal_weight,Equal Weight,2023-12-01,41,SO,Equity,Utilities,0.02,2.0,True
equity_equal_weight,Equity Equal Weight,equity,equal_weight,Equal Weight,2023-12-01,42,T,Equity,Comm,0.02,2.0,True
equity_equal_weight,Equity Equal Weight,equity,equal_weight,Equal Weight,2023-12-01,43,TMUS,Equity,Comm,0.02,2.0,True
equity_equal_weight,Equity Equal Weight,equity,equal_weight,Equal Weight,2023-12-01,44,TTWO,Equity,Comm,0.02,2.0,True
equity_equal_weight,Equity Equal Weight,equity,equal_weight,Equal Weight,2023-12-01,45,UPS,Equity,Industrials,0.02,2.0,True
equity_equal_weight,Equity Equal Weight,equity,equal_weight,Equal Weight,2023-12-01,46,USB,Equity,Financials,0.02,2.0,True
equity_equal_weight,Equity Equal Weight,equity,equal_weight,Equal Weight,2023-12-01,47,V,Equity,Financials,0.02,2.0,True
equity_equal_weight,Equity Equal Weight,equity,equal_weight,Equal Weight,2023-12-01,48,WFC,Equity,Financials,0.02,2.0,True
equity_equal_weight,Equity Equal Weight,equity,equal_weight,Equal Weight,2023-12-01,49,WMT,Equity,Consumer,0.02,2.0,True
equity_equal_weight,Equity Equal Weight,equity,equal_weight,Equal Weight,2023-12-01,50,XOM,Equity,Energy,0.02,2.0,True
equity_maximum_sharpe,Equity Maximum Sharpe,equity,maximum_sharpe,Maximum Sharpe,2023-12-01,1,GE,Equity,Industrials,0.0999999999999939,9.99999999999939,True
equity_maximum_sharpe,Equity Maximum Sharpe,equity,maximum_sharpe,Maximum Sharpe,2023-12-01,2,NVDA,Equity,Tech,0.0999999999999939,9.99999999999939,True
equity_maximum_sharpe,Equity Maximum Sharpe,equity,maximum_sharpe,Maximum Sharpe,2023-12-01,3,SO,Equity,Utilities,0.0999999999999939,9.99999999999939,True
equity_maximum_sharpe,Equity Maximum Sharpe,equity,maximum_sharpe,Maximum Sharpe,2023-12-01,4,V,Equity,Financials,0.0999999999999939,9.99999999999939,True
equity_maximum_sharpe,Equity Maximum Sharpe,equity,maximum_sharpe,Maximum Sharpe,2023-12-01,5,WMT,Equity,Consumer,0.0999999999999939,9.99999999999939,True
equity_maximum_sharpe,Equity Maximum Sharpe,equity,maximum_sharpe,Maximum Sharpe,2023-12-01,6,ADBE,Equity,Tech,0.0999999999999911,9.99999999999911,True
equity_maximum_sharpe,Equity Maximum Sharpe,equity,maximum_sharpe,Maximum Sharpe,2023-12-01,7,TTWO,Equity,Comm,0.0999999999999873,9.99999999999873,True
equity_maximum_sharpe,Equity Maximum Sharpe,equity,maximum_sharpe,Maximum Sharpe,2023-12-01,8,INTC,Equity,Tech,0.0999999999999736,9.99999999999736,True
equity_maximum_sharpe,Equity Maximum Sharpe,equity,maximum_sharpe,Maximum Sharpe,2023-12-01,9,BA,Equity,Industrials,0.0773895028759512,7.73895028759512,True
equity_maximum_sharpe,Equity Maximum Sharpe,equity,maximum_sharpe,Maximum Sharpe,2023-12-01,10,MRK,Equity,Healthcare,0.0682506970864309,6.82506970864309,True
equity_maximum_sharpe,Equity Maximum Sharpe,equity,maximum_sharpe,Maximum Sharpe,2023-12-01,11,TMUS,Equity,Comm,0.0499894832478108,4.99894832478108,True
equity_maximum_sharpe,Equity Maximum Sharpe,equity,maximum_sharpe,Maximum Sharpe,2023-12-01,12,CMCSA,Equity,Comm,0.0043703167898852,0.43703167898851997,True
equity_maximum_sharpe,Equity Maximum Sharpe,equity,maximum_sharpe,Maximum Sharpe,2023-12-01,13,ABBV,Equity,Healthcare,0.0,0.0,False
equity_maximum_sharpe,Equity Maximum Sharpe,equity,maximum_sharpe,Maximum Sharpe,2023-12-01,14,ABT,Equity,Healthcare,0.0,0.0,False
equity_maximum_sharpe,Equity Maximum Sharpe,equity,maximum_sharpe,Maximum Sharpe,2023-12-01,15,AEP,Equity,Utilities,0.0,0.0,False
equity_maximum_sharpe,Equity Maximum Sharpe,equity,maximum_sharpe,Maximum Sharpe,2023-12-01,16,AMD,Equity,Tech,0.0,0.0,False
equity_maximum_sharpe,Equity Maximum Sharpe,equity,maximum_sharpe,Maximum Sharpe,2023-12-01,17,AMGN,Equity,Healthcare,0.0,0.0,False
equity_maximum_sharpe,Equity Maximum Sharpe,equity,maximum_sharpe,Maximum Sharpe,2023-12-01,18,AMT,Equity,RealEstate,0.0,0.0,False
equity_maximum_sharpe,Equity Maximum Sharpe,equity,maximum_sharpe,Maximum Sharpe,2023-12-01,19,CAT,Equity,Industrials,0.0,0.0,False
equity_maximum_sharpe,Equity Maximum Sharpe,equity,maximum_sharpe,Maximum Sharpe,2023-12-01,20,CCI,Equity,RealEstate,0.0,0.0,False
equity_maximum_sharpe,Equity Maximum Sharpe,equity,maximum_sharpe,Maximum Sharpe,2023-12-01,21,COP,Equity,Energy,0.0,0.0,False
equity_maximum_sharpe,Equity Maximum Sharpe,equity,maximum_sharpe,Maximum Sharpe,2023-12-01,22,CVX,Equity,Energy,0.0,0.0,False
equity_maximum_sharpe,Equity Maximum Sharpe,equity,maximum_sharpe,Maximum Sharpe,2023-12-01,23,D,Equity,Utilities,0.0,0.0,False
equity_maximum_sharpe,Equity Maximum Sharpe,equity,maximum_sharpe,Maximum Sharpe,2023-12-01,24,DD,Equity,Materials,0.0,0.0,False
equity_maximum_sharpe,Equity Maximum Sharpe,equity,maximum_sharpe,Maximum Sharpe,2023-12-01,25,DIS,Equity,Consumer,0.0,0.0,False
equity_maximum_sharpe,Equity Maximum Sharpe,equity,maximum_sharpe,Maximum Sharpe,2023-12-01,26,DOW,Equity,Materials,0.0,0.0,False
equity_maximum_sharpe,Equity Maximum Sharpe,equity,maximum_sharpe,Maximum Sharpe,2023-12-01,27,DUK,Equity,Utilities,0.0,0.0,False
equity_maximum_sharpe,Equity Maximum Sharpe,equity,maximum_sharpe,Maximum Sharpe,2023-12-01,28,EA,Equity,Comm,0.0,0.0,False
equity_maximum_sharpe,Equity Maximum Sharpe,equity,maximum_sharpe,Maximum Sharpe,2023-12-01,29,GILD,Equity,Healthcare,0.0,0.0,False
equity_maximum_sharpe,Equity Maximum Sharpe,equity,maximum_sharpe,Maximum Sharpe,2023-12-01,30,GS,Equity,Financials,0.0,0.0,False
equity_maximum_sharpe,Equity Maximum Sharpe,equity,maximum_sharpe,Maximum Sharpe,2023-12-01,31,KO,Equity,Consumer,0.0,0.0,False
equity_maximum_sharpe,Equity Maximum Sharpe,equity,maximum_sharpe,Maximum Sharpe,2023-12-01,32,MMM,Equity,Industrials,0.0,0.0,False
equity_maximum_sharpe,Equity Maximum Sharpe,equity,maximum_sharpe,Maximum Sharpe,2023-12-01,33,MS,Equity,Financials,0.0,0.0,False
equity_maximum_sharpe,Equity Maximum Sharpe,equity,maximum_sharpe,Maximum Sharpe,2023-12-01,34,NEE,Equity,Utilities,0.0,0.0,False
equity_maximum_sharpe,Equity Maximum Sharpe,equity,maximum_sharpe,Maximum Sharpe,2023-12-01,35,NEM,Equity,Materials,0.0,0.0,False
equity_maximum_sharpe,Equity Maximum Sharpe,equity,maximum_sharpe,Maximum Sharpe,2023-12-01,36,NKE,Equity,Consumer,0.0,0.0,False
equity_maximum_sharpe,Equity Maximum Sharpe,equity,maximum_sharpe,Maximum Sharpe,2023-12-01,37,NUE,Equity,Materials,0.0,0.0,False
equity_maximum_sharpe,Equity Maximum Sharpe,equity,maximum_sharpe,Maximum Sharpe,2023-12-01,38,O,Equity,RealEstate,0.0,0.0,False
equity_maximum_sharpe,Equity Maximum Sharpe,equity,maximum_sharpe,Maximum Sharpe,2023-12-01,39,OXY,Equity,Energy,0.0,0.0,False
equity_maximum_sharpe,Equity Maximum Sharpe,equity,maximum_sharpe,Maximum Sharpe,2023-12-01,40,PLD,Equity,RealEstate,0.0,0.0,False
equity_maximum_sharpe,Equity Maximum Sharpe,equity,maximum_sharpe,Maximum Sharpe,2023-12-01,41,PSA,Equity,RealEstate,0.0,0.0,False
equity_maximum_sharpe,Equity Maximum Sharpe,equity,maximum_sharpe,Maximum Sharpe,2023-12-01,42,QCOM,Equity,Tech,0.0,0.0,False
equity_maximum_sharpe,Equity Maximum Sharpe,equity,maximum_sharpe,Maximum Sharpe,2023-12-01,43,SBUX,Equity,Consumer,0.0,0.0,False
equity_maximum_sharpe,Equity Maximum Sharpe,equity,maximum_sharpe,Maximum Sharpe,2023-12-01,44,SHW,Equity,Materials,0.0,0.0,False
equity_maximum_sharpe,Equity Maximum Sharpe,equity,maximum_sharpe,Maximum Sharpe,2023-12-01,45,SLB,Equity,Energy,0.0,0.0,False
equity_maximum_sharpe,Equity Maximum Sharpe,equity,maximum_sharpe,Maximum Sharpe,2023-12-01,46,T,Equity,Comm,0.0,0.0,False
equity_maximum_sharpe,Equity Maximum Sharpe,equity,maximum_sharpe,Maximum Sharpe,2023-12-01,47,UPS,Equity,Industrials,0.0,0.0,False
equity_maximum_sharpe,Equity Maximum Sharpe,equity,maximum_sharpe,Maximum Sharpe,2023-12-01,48,USB,Equity,Financials,0.0,0.0,False
equity_maximum_sharpe,Equity Maximum Sharpe,equity,maximum_sharpe,Maximum Sharpe,2023-12-01,49,WFC,Equity,Financials,0.0,0.0,False
equity_maximum_sharpe,Equity Maximum Sharpe,equity,maximum_sharpe,Maximum Sharpe,2023-12-01,50,XOM,Equity,Energy,0.0,0.0,False
equity_minimum_variance,Equity Minimum Variance,equity,minimum_variance,Minimum Variance,2023-12-01,1,MRK,Equity,Healthcare,0.1,10.0,True
equity_minimum_variance,Equity Minimum Variance,equity,minimum_variance,Minimum Variance,2023-12-01,2,V,Equity,Financials,0.1,10.0,True
equity_minimum_variance,Equity Minimum Variance,equity,minimum_variance,Minimum Variance,2023-12-01,3,WMT,Equity,Consumer,0.1,10.0,True
equity_minimum_variance,Equity Minimum Variance,equity,minimum_variance,Minimum Variance,2023-12-01,4,ABBV,Equity,Healthcare,0.0999999999999999,9.99999999999999,True
equity_minimum_variance,Equity Minimum Variance,equity,minimum_variance,Minimum Variance,2023-12-01,5,KO,Equity,Consumer,0.0999999999999999,9.99999999999999,True
equity_minimum_variance,Equity Minimum Variance,equity,minimum_variance,Minimum Variance,2023-12-01,6,TMUS,Equity,Comm,0.0919503517719043,9.19503517719043,True
equity_minimum_variance,Equity Minimum Variance,equity,minimum_variance,Minimum Variance,2023-12-01,7,O,Equity,RealEstate,0.0828602024304565,8.28602024304565,True
equity_minimum_variance,Equity Minimum Variance,equity,minimum_variance,Minimum Variance,2023-12-01,8,EA,Equity,Comm,0.0539355462595966,5.39355462595966,True
equity_minimum_variance,Equity Minimum Variance,equity,minimum_variance,Minimum Variance,2023-12-01,9,DUK,Equity,Utilities,0.0420401732930198,4.204017329301981,True
equity_minimum_variance,Equity Minimum Variance,equity,minimum_variance,Minimum Variance,2023-12-01,10,CVX,Equity,Energy,0.0366359906103674,3.66359906103674,True
equity_minimum_variance,Equity Minimum Variance,equity,minimum_variance,Minimum Variance,2023-12-01,11,T,Equity,Comm,0.036578779604058,3.6578779604058,True
equity_minimum_variance,Equity Minimum Variance,equity,minimum_variance,Minimum Variance,2023-12-01,12,ABT,Equity,Healthcare,0.0355942760187484,3.55942760187484,True
equity_minimum_variance,Equity Minimum Variance,equity,minimum_variance,Minimum Variance,2023-12-01,13,AMGN,Equity,Healthcare,0.0269422412458722,2.69422412458722,True
equity_minimum_variance,Equity Minimum Variance,equity,minimum_variance,Minimum Variance,2023-12-01,14,GE,Equity,Industrials,0.0173457483451677,1.7345748345167702,True
equity_minimum_variance,Equity Minimum Variance,equity,minimum_variance,Minimum Variance,2023-12-01,15,OXY,Equity,Energy,0.0134668696894499,1.3466869689449898,True
equity_minimum_variance,Equity Minimum Variance,equity,minimum_variance,Minimum Variance,2023-12-01,16,NVDA,Equity,Tech,0.0131225940770968,1.31225940770968,True
equity_minimum_variance,Equity Minimum Variance,equity,minimum_variance,Minimum Variance,2023-12-01,17,AMD,Equity,Tech,0.0116479249493543,1.16479249493543,True
equity_minimum_variance,Equity Minimum Variance,equity,minimum_variance,Minimum Variance,2023-12-01,18,NEM,Equity,Materials,0.0097151764016281,0.97151764016281,True
equity_minimum_variance,Equity Minimum Variance,equity,minimum_variance,Minimum Variance,2023-12-01,19,DOW,Equity,Materials,0.0095890199166805,0.9589019916680499,True
equity_minimum_variance,Equity Minimum Variance,equity,minimum_variance,Minimum Variance,2023-12-01,20,DD,Equity,Materials,0.008875402656394,0.8875402656393999,True
equity_minimum_variance,Equity Minimum Variance,equity,minimum_variance,Minimum Variance,2023-12-01,21,XOM,Equity,Energy,0.0078252922308958,0.78252922308958,True
equity_minimum_variance,Equity Minimum Variance,equity,minimum_variance,Minimum Variance,2023-12-01,22,CMCSA,Equity,Comm,0.0018744104993091,0.18744104993091001,True
equity_minimum_variance,Equity Minimum Variance,equity,minimum_variance,Minimum Variance,2023-12-01,23,ADBE,Equity,Tech,0.0,0.0,False
equity_minimum_variance,Equity Minimum Variance,equity,minimum_variance,Minimum Variance,2023-12-01,24,AEP,Equity,Utilities,0.0,0.0,False
equity_minimum_variance,Equity Minimum Variance,equity,minimum_variance,Minimum Variance,2023-12-01,25,AMT,Equity,RealEstate,0.0,0.0,False
equity_minimum_variance,Equity Minimum Variance,equity,minimum_variance,Minimum Variance,2023-12-01,26,BA,Equity,Industrials,0.0,0.0,False
equity_minimum_variance,Equity Minimum Variance,equity,minimum_variance,Minimum Variance,2023-12-01,27,CAT,Equity,Industrials,0.0,0.0,False
equity_minimum_variance,Equity Minimum Variance,equity,minimum_variance,Minimum Variance,2023-12-01,28,CCI,Equity,RealEstate,0.0,0.0,False
equity_minimum_variance,Equity Minimum Variance,equity,minimum_variance,Minimum Variance,2023-12-01,29,COP,Equity,Energy,0.0,0.0,False
equity_minimum_variance,Equity Minimum Variance,equity,minimum_variance,Minimum Variance,2023-12-01,30,D,Equity,Utilities,0.0,0.0,False
equity_minimum_variance,Equity Minimum Variance,equity,minimum_variance,Minimum Variance,2023-12-01,31,DIS,Equity,Consumer,0.0,0.0,False
equity_minimum_variance,Equity Minimum Variance,equity,minimum_variance,Minimum Variance,2023-12-01,32,GILD,Equity,Healthcare,0.0,0.0,False
equity_minimum_variance,Equity Minimum Variance,equity,minimum_variance,Minimum Variance,2023-12-01,33,GS,Equity,Financials,0.0,0.0,False
equity_minimum_variance,Equity Minimum Variance,equity,minimum_variance,Minimum Variance,2023-12-01,34,INTC,Equity,Tech,0.0,0.0,False
equity_minimum_variance,Equity Minimum Variance,equity,minimum_variance,Minimum Variance,2023-12-01,35,MMM,Equity,Industrials,0.0,0.0,False
equity_minimum_variance,Equity Minimum Variance,equity,minimum_variance,Minimum Variance,2023-12-01,36,MS,Equity,Financials,0.0,0.0,False
equity_minimum_variance,Equity Minimum Variance,equity,minimum_variance,Minimum Variance,2023-12-01,37,NEE,Equity,Utilities,0.0,0.0,False
equity_minimum_variance,Equity Minimum Variance,equity,minimum_variance,Minimum Variance,2023-12-01,38,NKE,Equity,Consumer,0.0,0.0,False
equity_minimum_variance,Equity Minimum Variance,equity,minimum_variance,Minimum Variance,2023-12-01,39,NUE,Equity,Materials,0.0,0.0,False
equity_minimum_variance,Equity Minimum Variance,equity,minimum_variance,Minimum Variance,2023-12-01,40,PLD,Equity,RealEstate,0.0,0.0,False
equity_minimum_variance,Equity Minimum Variance,equity,minimum_variance,Minimum Variance,2023-12-01,41,PSA,Equity,RealEstate,0.0,0.0,False
equity_minimum_variance,Equity Minimum Variance,equity,minimum_variance,Minimum Variance,2023-12-01,42,QCOM,Equity,Tech,0.0,0.0,False
equity_minimum_variance,Equity Minimum Variance,equity,minimum_variance,Minimum Variance,2023-12-01,43,SBUX,Equity,Consumer,0.0,0.0,False
equity_minimum_variance,Equity Minimum Variance,equity,minimum_variance,Minimum Variance,2023-12-01,44,SHW,Equity,Materials,0.0,0.0,False
equity_minimum_variance,Equity Minimum Variance,equity,minimum_variance,Minimum Variance,2023-12-01,45,SLB,Equity,Energy,0.0,0.0,False
equity_minimum_variance,Equity Minimum Variance,equity,minimum_variance,Minimum Variance,2023-12-01,46,SO,Equity,Utilities,0.0,0.0,False
equity_minimum_variance,Equity Minimum Variance,equity,minimum_variance,Minimum Variance,2023-12-01,47,TTWO,Equity,Comm,0.0,0.0,False
equity_minimum_variance,Equity Minimum Variance,equity,minimum_variance,Minimum Variance,2023-12-01,48,UPS,Equity,Industrials,0.0,0.0,False
equity_minimum_variance,Equity Minimum Variance,equity,minimum_variance,Minimum Variance,2023-12-01,49,USB,Equity,Financials,0.0,0.0,False
equity_minimum_variance,Equity Minimum Variance,equity,minimum_variance,Minimum Variance,2023-12-01,50,WFC,Equity,Financials,0.0,0.0,False
equity_risk_parity,Equity Risk Parity,equity,risk_parity,Risk Parity,2023-12-01,1,MRK,Equity,Healthcare,0.0415959760567672,4.15959760567672,True
equity_risk_parity,Equity Risk Parity,equity,risk_parity,Risk Parity,2023-12-01,2,ABBV,Equity,Healthcare,0.0389709126383796,3.8970912638379605,True
equity_risk_parity,Equity Risk Parity,equity,risk_parity,Risk Parity,2023-12-01,3,WMT,Equity,Consumer,0.0381486045040393,3.81486045040393,True
equity_risk_parity,Equity Risk Parity,equity,risk_parity,Risk Parity,2023-12-01,4,TMUS,Equity,Comm,0.0345647925910935,3.45647925910935,True
equity_risk_parity,Equity Risk Parity,equity,risk_parity,Risk Parity,2023-12-01,5,KO,Equity,Consumer,0.034452177421899,3.4452177421899,True
equity_risk_parity,Equity Risk Parity,equity,risk_parity,Risk Parity,2023-12-01,6,AMGN,Equity,Healthcare,0.0271328713639414,2.71328713639414,True
equity_risk_parity,Equity Risk Parity,equity,risk_parity,Risk Parity,2023-12-01,7,GILD,Equity,Healthcare,0.0259338052603889,2.59338052603889,True
equity_risk_parity,Equity Risk Parity,equity,risk_parity,Risk Parity,2023-12-01,8,ABT,Equity,Healthcare,0.0250177858785734,2.50177858785734,True
equity_risk_parity,Equity Risk Parity,equity,risk_parity,Risk Parity,2023-12-01,9,T,Equity,Comm,0.0247733034306623,2.47733034306623,True
equity_risk_parity,Equity Risk Parity,equity,risk_parity,Risk Parity,2023-12-01,10,DUK,Equity,Utilities,0.0246861342011861,2.46861342011861,True
equity_risk_parity,Equity Risk Parity,equity,risk_parity,Risk Parity,2023-12-01,11,V,Equity,Financials,0.0239435366670978,2.39435366670978,True
equity_risk_parity,Equity Risk Parity,equity,risk_parity,Risk Parity,2023-12-01,12,EA,Equity,Comm,0.023701132609738,2.3701132609738,True
equity_risk_parity,Equity Risk Parity,equity,risk_parity,Risk Parity,2023-12-01,13,SO,Equity,Utilities,0.0233226264648652,2.33226264648652,True
equity_risk_parity,Equity Risk Parity,equity,risk_parity,Risk Parity,2023-12-01,14,O,Equity,RealEstate,0.0221985916995931,2.2198591699593098,True
equity_risk_parity,Equity Risk Parity,equity,risk_parity,Risk Parity,2023-12-01,15,AEP,Equity,Utilities,0.020909298931163,2.0909298931163,True
equity_risk_parity,Equity Risk Parity,equity,risk_parity,Risk Parity,2023-12-01,16,CVX,Equity,Energy,0.0206139635633783,2.06139635633783,True
equity_risk_parity,Equity Risk Parity,equity,risk_parity,Risk Parity,2023-12-01,17,NEM,Equity,Materials,0.0203198324063954,2.0319832406395397,True
equity_risk_parity,Equity Risk Parity,equity,risk_parity,Risk Parity,2023-12-01,18,XOM,Equity,Energy,0.0201159684434849,2.0115968443484897,True
equity_risk_parity,Equity Risk Parity,equity,risk_parity,Risk Parity,2023-12-01,19,D,Equity,Utilities,0.0194896835932311,1.94896835932311,True
equity_risk_parity,Equity Risk Parity,equity,risk_parity,Risk Parity,2023-12-01,20,PSA,Equity,RealEstate,0.0194409380563255,1.94409380563255,True
equity_risk_parity,Equity Risk Parity,equity,risk_parity,Risk Parity,2023-12-01,21,GE,Equity,Industrials,0.0193830964680118,1.9383096468011798,True
equity_risk_parity,Equity Risk Parity,equity,risk_parity,Risk Parity,2023-12-01,22,CMCSA,Equity,Comm,0.0185440422288137,1.85440422288137,True
equity_risk_parity,Equity Risk Parity,equity,risk_parity,Risk Parity,2023-12-01,23,OXY,Equity,Energy,0.0181221177754844,1.8122117775484399,True
equity_risk_parity,Equity Risk Parity,equity,risk_parity,Risk Parity,2023-12-01,24,NEE,Equity,Utilities,0.0179660240854017,1.79660240854017,True
equity_risk_parity,Equity Risk Parity,equity,risk_parity,Risk Parity,2023-12-01,25,SBUX,Equity,Consumer,0.0176324906700179,1.76324906700179,True
equity_risk_parity,Equity Risk Parity,equity,risk_parity,Risk Parity,2023-12-01,26,TTWO,Equity,Comm,0.0174512200136936,1.7451220013693598,True
equity_risk_parity,Equity Risk Parity,equity,risk_parity,Risk Parity,2023-12-01,27,COP,Equity,Energy,0.0169841104557025,1.69841104557025,True
equity_risk_parity,Equity Risk Parity,equity,risk_parity,Risk Parity,2023-12-01,28,DOW,Equity,Materials,0.0167795490933488,1.6779549093348798,True
equity_risk_parity,Equity Risk Parity,equity,risk_parity,Risk Parity,2023-12-01,29,SHW,Equity,Materials,0.0166192253159891,1.6619225315989101,True
equity_risk_parity,Equity Risk Parity,equity,risk_parity,Risk Parity,2023-12-01,30,GS,Equity,Financials,0.0164862861782372,1.64862861782372,True
equity_risk_parity,Equity Risk Parity,equity,risk_parity,Risk Parity,2023-12-01,31,UPS,Equity,Industrials,0.0164504005478359,1.64504005478359,True
equity_risk_parity,Equity Risk Parity,equity,risk_parity,Risk Parity,2023-12-01,32,DD,Equity,Materials,0.0163155212333883,1.6315521233388302,True
equity_risk_parity,Equity Risk Parity,equity,risk_parity,Risk Parity,2023-12-01,33,DIS,Equity,Consumer,0.0159495986117415,1.59495986117415,True
equity_risk_parity,Equity Risk Parity,equity,risk_parity,Risk Parity,2023-12-01,34,WFC,Equity,Financials,0.0158023529620596,1.58023529620596,True
equity_risk_parity,Equity Risk Parity,equity,risk_parity,Risk Parity,2023-12-01,35,AMT,Equity,RealEstate,0.0157489414997186,1.5748941499718598,True
equity_risk_parity,Equity Risk Parity,equity,risk_parity,Risk Parity,2023-12-01,36,BA,Equity,Industrials,0.0157166313001892,1.57166313001892,True
equity_risk_parity,Equity Risk Parity,equity,risk_parity,Risk Parity,2023-12-01,37,CAT,Equity,Industrials,0.015684240148717,1.5684240148717,True
equity_risk_parity,Equity Risk Parity,equity,risk_parity,Risk Parity,2023-12-01,38,SLB,Equity,Energy,0.0156057923586071,1.56057923586071,True
equity_risk_parity,Equity Risk Parity,equity,risk_parity,Risk Parity,2023-12-01,39,CCI,Equity,RealEstate,0.0152647966557692,1.52647966557692,True
equity_risk_parity,Equity Risk Parity,equity,risk_parity,Risk Parity,2023-12-01,40,NKE,Equity,Consumer,0.0152424685731537,1.52424685731537,True
equity_risk_parity,Equity Risk Parity,equity,risk_parity,Risk Parity,2023-12-01,41,MS,Equity,Financials,0.0151760799330362,1.5176079933036202,True
equity_risk_parity,Equity Risk Parity,equity,risk_parity,Risk Parity,2023-12-01,42,INTC,Equity,Tech,0.0146995006505614,1.4699500650561401,True
equity_risk_parity,Equity Risk Parity,equity,risk_parity,Risk Parity,2023-12-01,43,MMM,Equity,Industrials,0.0146013676556787,1.4601367655678699,True
equity_risk_parity,Equity Risk Parity,equity,risk_parity,Risk Parity,2023-12-01,44,AMD,Equity,Tech,0.0144197593804852,1.44197593804852,True
equity_risk_parity,Equity Risk Parity,equity,risk_parity,Risk Parity,2023-12-01,45,ADBE,Equity,Tech,0.0143318511725951,1.43318511725951,True
equity_risk_parity,Equity Risk Parity,equity,risk_parity,Risk Parity,2023-12-01,46,NVDA,Equity,Tech,0.0139974513012391,1.39974513012391,True
equity_risk_parity,Equity Risk Parity,equity,risk_parity,Risk Parity,2023-12-01,47,PLD,Equity,RealEstate,0.0135313230945015,1.35313230945015,True
equity_risk_parity,Equity Risk Parity,equity,risk_parity,Risk Parity,2023-12-01,48,NUE,Equity,Materials,0.0130637436273011,1.3063743627301099,True
equity_risk_parity,Equity Risk Parity,equity,risk_parity,Risk Parity,2023-12-01,49,QCOM,Equity,Tech,0.0128188273135007,1.28188273135007,True
equity_risk_parity,Equity Risk Parity,equity,risk_parity,Risk Parity,2023-12-01,50,USB,Equity,Financials,0.0102792539130147,1.02792539130147,True
