month,sector,total_articles,active_tickers,ticker_universe,hhi,normalised_hhi,effective_number_of_tickers,top_ticker,top_ticker_article_count,top_ticker_share,top_ticker_share_pct
2020-01-01,Comm,269,5,5,0.2837854645458189,0.10473183068227358,3.523788653518383,CMCSA,99,0.3680297397769517,36.80297397769517
2020-01-01,Consumer,578,5,5,0.2682379281857257,0.08529741023215714,3.7280335661838553,DIS,239,0.4134948096885813,41.34948096885813
2020-01-01,Energy,393,5,5,0.23776780684886273,0.047209758561078397,4.2057838411894455,XOM,125,0.31806615776081426,31.806615776081426
2020-01-01,Financials,331,5,5,0.2213105028249103,0.02663812853113786,4.518538375881553,WFC,98,0.29607250755287007,29.607250755287005
2020-01-01,Healthcare,309,5,5,0.21902786941904673,0.023784836773808396,4.565629034571797,GILD,86,0.2783171521035599,27.831715210355988
2020-01-01,Industrials,294,5,5,0.24623999259567775,0.05779999074459717,4.06107874459688,BA,108,0.3673469387755102,36.734693877551024
2020-01-01,Materials,191,5,5,0.2432224993832406,0.05402812422905072,4.111461737856418,DOW,58,0.3036649214659686,30.36649214659686
2020-01-01,RealEstate,91,5,5,0.26675522279917885,0.08344402849897355,3.7487550928021727,AMT,36,0.3956043956043956,39.56043956043956
2020-01-01,Tech,538,5,5,0.31718052542115227,0.1464756567764403,3.152778685488966,INTC,247,0.4591078066914498,45.91078066914498
2020-01-01,Utilities,211,5,5,0.27355629927449965,0.09194537409312455,3.6555546432383617,NEE,82,0.3886255924170616,38.862559241706165
2020-02-01,Comm,270,5,5,0.22680384087791497,0.0335048010973937,4.409096407402927,TMUS,74,0.2740740740740741,27.40740740740741
2020-02-01,Consumer,614,5,5,0.31170091990365945,0.13962614987957428,3.208203557144073,DIS,302,0.49185667752442996,49.185667752442995
2020-02-01,Energy,344,5,5,0.22466535965386694,0.030831699567333663,4.451064470021816,XOM,105,0.30523255813953487,30.523255813953487
2020-02-01,Financials,248,5,5,0.22005072840790843,0.025063410509885524,4.5444066794739175,MS,75,0.3024193548387097,30.241935483870968
2020-02-01,Healthcare,483,5,5,0.36375054117425176,0.20468817646781468,2.749136803403292,GILD,267,0.5527950310559007,55.27950310559007
2020-02-01,Industrials,212,5,5,0.2269490922036312,0.03368636525453897,4.4062745098039215,BA,65,0.30660377358490565,30.660377358490564
2020-02-01,Materials,213,5,5,0.2646079922413983,0.08075999030174787,3.7791753436068305,DOW,74,0.3474178403755869,34.74178403755869
2020-02-01,RealEstate,206,5,5,0.24347252332924874,0.054340654161560906,4.10723964382501,CCI,60,0.2912621359223301,29.126213592233007
2020-02-01,Tech,423,5,5,0.23314834375646207,0.04143542969557757,4.289114749382746,INTC,135,0.3191489361702128,31.914893617021278
2020-02-01,Utilities,309,5,5,0.24600705899603062,0.05750882374503826,4.064924006981991,NEE,90,0.2912621359223301,29.126213592233007
2020-03-01,Comm,301,5,5,0.2689484663524685,0.0861855829405856,3.718184429761563,CMCSA,106,0.3521594684385382,35.21594684385382
2020-03-01,Consumer,769,5,5,0.2458109344376785,0.05726366804709813,4.068167277780453,DIS,281,0.36540962288686607,36.54096228868661
2020-03-01,Energy,589,5,5,0.26121508931428195,0.07651886164285242,3.8282627647013383,OXY,226,0.3837011884550085,38.37011884550085
2020-03-01,Financials,334,5,5,0.22935565993760984,0.03669457492201229,4.360040647228953,WFC,114,0.3413173652694611,34.13173652694611
2020-03-01,Healthcare,494,5,5,0.3653805176285467,0.20672564703568333,2.7368727990489643,GILD,270,0.5465587044534413,54.655870445344135
2020-03-01,Industrials,355,5,5,0.2541003769093434,0.06762547113667923,3.935452643412547,BA,138,0.38873239436619716,38.87323943661972
2020-03-01,Materials,217,5,5,0.25991208137781646,0.07489010172227056,3.847454857422992,NEM,75,0.3456221198156682,34.56221198156682
2020-03-01,RealEstate,151,5,5,0.25345379588614536,0.06681724485768169,3.945492299705831,CCI,47,0.31125827814569534,31.125827814569533
2020-03-01,Tech,425,5,5,0.22668512110726646,0.033356401384083065,4.411405544022468,INTC,132,0.31058823529411766,31.058823529411768
2020-03-01,Utilities,239,5,5,0.24934787556240262,0.06168484445300326,4.010461279224883,NEE,71,0.29707112970711297,29.707112970711297
2020-04-01,Comm,388,5,5,0.2699277287703263,0.08740966096290784,3.704695344029924,T,141,0.3634020618556701,36.340206185567006
2020-04-01,Consumer,975,5,5,0.28841551610782384,0.11051939513477979,3.467219841342208,DIS,424,0.4348717948717949,43.48717948717949
2020-04-01,Energy,818,5,5,0.22611952343661265,0.0326494042957658,4.422439888435051,XOM,258,0.3154034229828851,31.54034229828851
2020-04-01,Financials,612,5,5,0.2458082361484899,0.05726029518561236,4.068211934916255,WFC,226,0.369281045751634,36.9281045751634
2020-04-01,Healthcare,928,5,5,0.4402311236623068,0.3002889045778835,2.2715340789196032,GILD,590,0.6357758620689655,63.577586206896555
2020-04-01,Industrials,698,5,5,0.2384052676086403,0.04800658451080037,4.194538191335492,BA,251,0.35959885386819485,35.95988538681949
2020-04-01,Materials,303,5,5,0.2500299534903986,0.06253744186299821,3.999520801568285,NEM,102,0.33663366336633666,33.663366336633665
2020-04-01,RealEstate,194,5,5,0.2468381337017749,0.058547667127218615,4.051237890204521,AMT,64,0.32989690721649484,32.98969072164948
2020-04-01,Tech,510,5,5,0.2660668973471742,0.08258362168396774,3.7584532685971905,INTC,207,0.40588235294117647,40.588235294117645
2020-04-01,Utilities,255,5,5,0.2473356401384083,0.05916955017301037,4.043088975937325,NEE,81,0.3176470588235294,31.76470588235294
2020-05-01,Comm,390,5,5,0.22756081525312294,0.03445101906640366,4.394429677568474,EA,112,0.28717948717948716,28.717948717948715
2020-05-01,Consumer,838,5,5,0.32317257249616943,0.15396571562021177,3.0943219973033234,DIS,415,0.49522673031026254,49.52267303102625
2020-05-01,Energy,528,5,5,0.23408086547291093,0.04260108184113865,4.272027950596096,XOM,171,0.32386363636363635,32.38636363636363
2020-05-01,Financials,456,5,5,0.20695791012619266,0.008697387657740814,4.831900357856579,WFC,115,0.25219298245614036,25.219298245614034
2020-05-01,Healthcare,718,5,5,0.30641832388016854,0.13302290485021065,3.263512401402833,GILD,337,0.46935933147632314,46.93593314763231
2020-05-01,Industrials,412,5,5,0.3357408803845791,0.16967610048072387,2.978487453939288,BA,217,0.5266990291262136,52.66990291262136
2020-05-01,Materials,279,5,5,0.29196695828676406,0.11495869785845506,3.4250451005412064,NEM,114,0.40860215053763443,40.86021505376344
2020-05-01,RealEstate,144,5,5,0.24604552469135801,0.057556905864197504,4.064288514308115,AMT,46,0.3194444444444444,31.944444444444443
2020-05-01,Tech,442,5,5,0.21500378780123255,0.01875473475154068,4.651080849442911,INTC,134,0.3031674208144796,30.316742081447963
2020-05-01,Utilities,232,5,5,0.2418995243757432,0.052374405469678975,4.133947772657449,NEE,77,0.33189655172413796,33.189655172413794
2020-06-01,Comm,264,5,5,0.2939049586776859,0.11738119834710736,3.4024604569420043,T,121,0.4583333333333333,45.83333333333333
2020-06-01,Consumer,633,5,5,0.23734367551891866,0.046679594398648314,4.213299544694588,DIS,193,0.3048973143759874,30.48973143759874
2020-06-01,Energy,340,5,5,0.26505190311418686,0.08131487889273356,3.772845953002611,XOM,123,0.36176470588235293,36.17647058823529
2020-06-01,Financials,358,5,5,0.219531225617178,0.024414032021472486,4.5551606482797835,GS,95,0.26536312849162014,26.536312849162012
2020-06-01,Healthcare,357,5,5,0.326004911768629,0.15750613971078622,3.0674384461719897,GILD,180,0.5042016806722689,50.42016806722689
2020-06-01,Industrials,398,5,5,0.4259867175071337,0.28248339688391705,2.3474910341148223,BA,246,0.6180904522613065,61.80904522613066
2020-06-01,Materials,73,5,5,0.26928129104897724,0.08660161381122154,3.713588850174217,NEM,29,0.3972602739726027,39.726027397260275
2020-06-01,RealEstate,58,5,5,0.24673008323424495,0.05841260404280617,4.053012048192771,O,20,0.3448275862068966,34.48275862068966
2020-06-01,Tech,236,5,5,0.24450588911232404,0.05563236139040504,4.0898810398002645,AMD,71,0.3008474576271186,30.08474576271186
2020-06-01,Utilities,73,5,5,0.2794145243009945,0.09926815537624312,3.5789120214909342,NEE,29,0.3972602739726027,39.726027397260275
2020-07-01,Comm,203,5,5,0.2967070300177146,0.12088378752214322,3.370327962705488,T,94,0.4630541871921182,46.30541871921182
2020-07-01,Consumer,574,5,5,0.23345554759679005,0.041819434495987545,4.2834707090667985,DIS,172,0.29965156794425085,29.965156794425084
2020-07-01,Energy,294,5,5,0.27157665787403396,0.08947082234254243,3.682201584732044,CVX,105,0.35714285714285715,35.714285714285715
2020-07-01,Financials,365,5,5,0.2635316194407956,0.07941452430099451,3.7946110683870238,GS,126,0.3452054794520548,34.52054794520548
2020-07-01,Healthcare,295,5,5,0.257638609594944,0.07204826199367999,3.8814058248963024,GILD,118,0.4,40.0
2020-07-01,Industrials,336,5,5,0.3014278628117914,0.12678482851473924,3.3175433441081394,BA,161,0.4791666666666667,47.91666666666667
2020-07-01,Materials,74,5,5,0.23776479181884588,0.04720598977355734,4.205837173579109,NEM,24,0.32432432432432434,32.432432432432435
2020-07-01,RealEstate,54,5,5,0.24348422496570646,0.05435528120713306,4.107042253521127,PLD,16,0.2962962962962963,29.629629629629626
2020-07-01,Tech,347,4,5,0.31561594232989226,0.14451992791236531,3.16840775728232,INTC,148,0.4265129682997118,42.65129682997118
2020-07-01,Utilities,135,5,5,0.31182441700960223,0.13978052126200277,3.206932957944747,D,59,0.43703703703703706,43.7037037037037
2020-08-01,Comm,213,5,5,0.2598911150785779,0.07486389384822233,3.8477652446781447,T,86,0.40375586854460094,40.375586854460096
2020-08-01,Consumer,535,5,5,0.3008647043409905,0.1260808804262381,3.323753120826801,WMT,220,0.411214953271028,41.1214953271028
2020-08-01,Energy,263,5,5,0.3207650826237187,0.15095635327964838,3.117546310902781,XOM,112,0.42585551330798477,42.585551330798474
2020-08-01,Financials,242,5,5,0.2396694214876033,0.04958677685950413,4.172413793103448,GS,76,0.3140495867768595,31.40495867768595
2020-08-01,Healthcare,233,5,5,0.2257363370111809,0.03217042126397611,4.429946960424316,GILD,68,0.2918454935622318,29.184549356223176
2020-08-01,Industrials,256,5,5,0.284027099609375,0.10503387451171874,3.5207908026216828,BA,111,0.43359375,43.359375
2020-08-01,Materials,57,5,5,0.27423822714681434,0.09279778393351791,3.6464646464646475,NEM,25,0.43859649122807015,43.859649122807014
2020-08-01,RealEstate,54,5,5,0.2729766803840878,0.09122085048010972,3.663316582914573,O,23,0.42592592592592593,42.592592592592595
2020-08-01,Tech,259,4,5,0.3070168900284731,0.13377111253559135,3.257149793639232,INTC,103,0.39768339768339767,39.768339768339764
2020-08-01,Utilities,86,5,5,0.2598702001081665,0.07483775013520814,3.848074921956296,NEE,34,0.3953488372093023,39.53488372093023
2020-09-01,Comm,148,5,5,0.35746895544192836,0.19683619430241042,2.797445721583653,T,78,0.527027027027027,52.702702702702695
2020-09-01,Consumer,507,5,5,0.28092309248431235,0.10115386560539043,3.5596931215465784,WMT,211,0.4161735700197239,41.61735700197239
2020-09-01,Energy,173,5,5,0.2866450599752748,0.10830632496909347,3.4886350390488405,CVX,73,0.42196531791907516,42.19653179190752
2020-09-01,Financials,225,5,5,0.24886913580246917,0.06108641975308644,4.018176045717913,GS,75,0.3333333333333333,33.33333333333333
2020-09-01,Healthcare,232,5,5,0.22514120095124848,0.03142650118906059,4.441657039115366,GILD,70,0.3017241379310345,30.17241379310345
2020-09-01,Industrials,272,5,5,0.316663062283737,0.1458288278546712,3.1579306812361283,BA,129,0.4742647058823529,47.42647058823529
2020-09-01,Materials,49,5,5,0.28446480633069554,0.10558100791336941,3.5153733528550513,NEM,18,0.3673469387755102,36.734693877551024
2020-09-01,RealEstate,34,5,5,0.2854671280276817,0.10683391003460212,3.5030303030303025,AMT,12,0.35294117647058826,35.294117647058826
2020-09-01,Tech,212,4,5,0.2537379850480598,0.06717248131007471,3.941073307611365,INTC,61,0.28773584905660377,28.77358490566038
2020-09-01,Utilities,76,5,5,0.41239612188365643,0.2654951523545705,2.4248530646515536,NEE,45,0.5921052631578947,59.210526315789465
2020-10-01,Comm,227,5,5,0.3494925187758349,0.18686564846979364,2.8612915764340054,T,116,0.5110132158590308,51.10132158590308
2020-10-01,Consumer,457,5,5,0.2541213987139033,0.06765174839237914,3.9351270891036876,DIS,150,0.3282275711159737,32.822757111597376
2020-10-01,Energy,300,5,5,0.2337111111111111,0.04213888888888885,4.278786726252734,XOM,90,0.3,30.0
2020-10-01,Financials,388,5,5,0.24936231267934955,0.061702890849186925,4.010229088971764,GS,127,0.327319587628866,32.7319587628866
2020-10-01,Healthcare,309,5,5,0.2680219101182434,0.08502738764780422,3.7310382556367476,GILD,130,0.42071197411003236,42.07119741100323
2020-10-01,Industrials,354,5,5,0.29649845191356256,0.12062306489195318,3.3726988911615887,BA,157,0.4435028248587571,44.35028248587571
2020-10-01,Materials,60,5,5,0.2394444444444444,0.04930555555555549,4.176334106728539,DOW,22,0.36666666666666664,36.666666666666664
2020-10-01,RealEstate,26,5,5,0.23964497041420119,0.04955621301775147,4.172839506172839,O,9,0.34615384615384615,34.61538461538461
2020-10-01,Tech,262,4,5,0.36632480624672226,0.2079060078084028,2.729817863676131,INTC,121,0.4618320610687023,46.18320610687023
2020-10-01,Utilities,82,5,5,0.3703152885187389,0.21289411064842362,2.7004016064257024,NEE,46,0.5609756097560976,56.09756097560976
2020-11-01,Comm,262,5,5,0.24130295437328825,0.051628692966610296,4.14416807534412,T,96,0.366412213740458,36.6412213740458
2020-11-01,Consumer,473,5,5,0.2875577149140255,0.10944714364253184,3.4775627574415164,WMT,172,0.36363636363636365,36.36363636363637
2020-11-01,Energy,234,5,5,0.29304551099422893,0.11630688874278615,3.41243923719307,XOM,102,0.4358974358974359,43.58974358974359
2020-11-01,Financials,301,5,5,0.2520170859041291,0.06502135738016133,3.9679849340866293,GS,100,0.33222591362126247,33.222591362126245
2020-11-01,Healthcare,192,5,5,0.22064887152777776,0.02581108940972219,4.5320875338087045,MRK,57,0.296875,29.6875
2020-11-01,Industrials,329,5,5,0.32456278120120835,0.15570347650151042,3.0810680026187702,BA,167,0.5075987841945289,50.75987841945289
2020-11-01,Materials,50,5,5,0.23120000000000002,0.03900000000000001,4.325259515570934,NEM,16,0.32,32.0
2020-11-01,RealEstate,33,5,5,0.2506887052341598,0.06336088154269975,3.9890109890109886,O,12,0.36363636363636365,36.36363636363637
2020-11-01,Tech,207,4,5,0.28231697355830937,0.1028962169478867,3.5421178804662317,INTC,79,0.38164251207729466,38.164251207729464
2020-11-01,Utilities,84,5,5,0.3517573696145124,0.1896967120181405,2.8428686543110397,NEE,45,0.5357142857142857,53.57142857142857
2020-12-01,Comm,212,5,5,0.44504271982912064,0.30630339978640075,2.246975302469753,T,136,0.6415094339622641,64.15094339622641
2020-12-01,Consumer,516,5,5,0.25698575806742385,0.0712321975842798,3.8912662223781127,DIS,182,0.35271317829457366,35.27131782945737
2020-12-01,Energy,265,5,5,0.28820220719117123,0.11025275898896403,3.469786056623351,XOM,105,0.39622641509433965,39.62264150943396
2020-12-01,Financials,281,5,5,0.24040982257063614,0.05051227821329517,4.1595638202602325,GS,92,0.3274021352313167,32.74021352313167
2020-12-01,Healthcare,183,5,5,0.21616053032338978,0.020200662904237207,4.626191462909241,MRK,57,0.3114754098360656,31.147540983606557
2020-12-01,Industrials,351,5,5,0.3394047126240859,0.17425589078010734,2.9463350472318544,BA,183,0.5213675213675214,52.13675213675214
2020-12-01,Materials,47,5,5,0.263920325939339,0.07990040742417374,3.7890222984562616,NEM,19,0.40425531914893614,40.42553191489361
2020-12-01,RealEstate,56,5,5,0.22002551020408162,0.02503188775510201,4.544927536231884,O,17,0.30357142857142855,30.357142857142854
2020-12-01,Tech,249,4,5,0.28872114965887646,0.11090143707359557,3.463549522373052,INTC,102,0.40963855421686746,40.963855421686745
2020-12-01,Utilities,51,5,5,0.37793156478277584,0.2224144559784698,2.6459816887080367,NEE,29,0.5686274509803921,56.86274509803921
2021-01-01,Comm,236,5,5,0.33973714449870723,0.17467143062338403,2.9434520663777617,T,121,0.5127118644067796,51.271186440677965
2021-01-01,Consumer,412,5,5,0.2508954661136771,0.06361933264209634,3.9857236780313703,DIS,136,0.3300970873786408,33.00970873786408
2021-01-01,Energy,233,5,5,0.26327617012654503,0.07909521265818127,3.798292870635975,XOM,86,0.36909871244635195,36.9098712446352
2021-01-01,Financials,362,5,5,0.2522358902353409,0.06529486279417608,3.9645428692442657,WFC,122,0.3370165745856354,33.70165745856354
2021-01-01,Healthcare,180,5,5,0.21814814814814815,0.02268518518518517,4.584040747028863,MRK,45,0.25,25.0
2021-01-01,Industrials,333,5,5,0.2987401816230645,0.12342522702883059,3.347390346243246,BA,155,0.46546546546546547,46.546546546546544
2021-01-01,Materials,70,5,5,0.21959183673469387,0.02448979591836733,4.553903345724907,DOW,19,0.2714285714285714,27.142857142857142
2021-01-01,RealEstate,64,5,5,0.23583984375,0.044799804687499986,4.24016563146998,O,22,0.34375,34.375
2021-01-01,Tech,311,4,5,0.35935319113739517,0.19919148892174393,2.7827775699859023,INTC,154,0.49517684887459806,49.51768488745981
2021-01-01,Utilities,75,5,5,0.3824,0.228,2.615062761506276,NEE,43,0.5733333333333334,57.333333333333336
2021-02-01,Comm,226,5,5,0.24234474117002114,0.05293092646252641,4.12635320730328,T,86,0.3805309734513274,38.05309734513274
2021-02-01,Consumer,405,5,5,0.2631732967535437,0.07896662094192958,3.7997776078949195,DIS,161,0.39753086419753086,39.75308641975309
2021-02-01,Energy,247,5,5,0.28659705945024505,0.1082463243128063,3.4892193308550183,XOM,98,0.3967611336032389,39.67611336032389
2021-02-01,Financials,242,5,5,0.23785943583088587,0.04732429478860732,4.204163675520459,GS,76,0.3140495867768595,31.40495867768595
2021-02-01,Healthcare,189,5,5,0.2170991853531536,0.021373981691441973,4.6061895551257255,MRK,54,0.2857142857142857,28.57142857142857
2021-02-01,Industrials,248,5,5,0.2797216441207076,0.09965205515088449,3.574982562194838,BA,109,0.43951612903225806,43.95161290322581
2021-02-01,Materials,74,5,5,0.21329437545653762,0.016617969320672013,4.688356164383562,DD,21,0.28378378378378377,28.37837837837838
2021-02-01,RealEstate,64,5,5,0.232421875,0.040527343749999986,4.302521008403361,AMT,20,0.3125,31.25
2021-02-01,Tech,176,4,5,0.27440599173553715,0.09300748966942142,3.6442352941176477,INTC,59,0.3352272727272727,33.52272727272727
2021-02-01,Utilities,81,5,5,0.2345679012345679,0.043209876543209846,4.2631578947368425,NEE,29,0.35802469135802467,35.80246913580247
2021-03-01,Comm,202,5,5,0.3119792177237526,0.1399740221546907,3.2053417124901804,T,96,0.4752475247524752,47.524752475247524
2021-03-01,Consumer,485,5,5,0.26336061217982787,0.07920076522478482,3.797075013317406,DIS,173,0.35670103092783506,35.670103092783506
2021-03-01,Energy,254,5,5,0.29171058342116685,0.11463822927645854,3.428055260361318,XOM,100,0.3937007874015748,39.37007874015748
2021-03-01,Financials,322,5,5,0.2504725897920605,0.0630907372400756,3.9924528301886792,GS,116,0.36024844720496896,36.024844720496894
2021-03-01,Healthcare,184,5,5,0.21969517958412096,0.02461897448015119,4.551761226136058,MRK,59,0.32065217391304346,32.065217391304344
2021-03-01,Industrials,286,5,5,0.3350530588292826,0.16881632353660322,2.984601911990075,BA,133,0.46503496503496505,46.50349650349651
2021-03-01,Materials,54,5,5,0.2037037037037037,0.004629629629629602,4.909090909090909,NEM,12,0.2222222222222222,22.22222222222222
2021-03-01,RealEstate,58,5,5,0.23186682520808563,0.039833531510107024,4.312820512820513,AMT,16,0.27586206896551724,27.586206896551722
2021-03-01,Tech,209,4,5,0.29914608182047114,0.12393260227558892,3.3428483967245732,INTC,91,0.4354066985645933,43.54066985645933
2021-03-01,Utilities,50,5,5,0.24800000000000003,0.06000000000000002,4.032258064516129,NEE,19,0.38,38.0
2021-04-01,Comm,235,5,5,0.3979176097781801,0.2473970122227251,2.513083048919227,T,138,0.5872340425531914,58.723404255319146
2021-04-01,Consumer,430,5,5,0.22833964305029747,0.03542455381287182,4.379441023211748,DIS,148,0.34418604651162793,34.418604651162795
2021-04-01,Energy,208,5,5,0.25217270710059175,0.06521588387573968,3.965536205316223,XOM,70,0.33653846153846156,33.65384615384615
2021-04-01,Financials,450,5,5,0.272958024691358,0.09119753086419748,3.6635669573397984,GS,174,0.38666666666666666,38.666666666666664
2021-04-01,Healthcare,257,5,5,0.20395463973716482,0.004943299671456014,4.9030509984410955,GILD,59,0.22957198443579765,22.957198443579767
2021-04-01,Industrials,291,5,5,0.24991438457269047,0.06239298071586307,4.001370316117752,BA,112,0.3848797250859107,38.48797250859107
2021-04-01,Materials,61,5,5,0.22655200214995969,0.033190002687449593,4.413997627520759,DOW,17,0.2786885245901639,27.86885245901639
2021-04-01,RealEstate,65,5,5,0.23739644970414203,0.046745562130177526,4.212362911266201,O,22,0.3384615384615385,33.84615384615385
2021-04-01,Tech,280,4,5,0.35247448979591833,0.1905931122448979,2.8370847506694656,INTC,144,0.5142857142857142,51.42857142857142
2021-04-01,Utilities,90,5,5,0.26716049382716045,0.08395061728395055,3.7430683918669136,NEE,37,0.4111111111111111,41.11111111111111
2021-05-01,Comm,301,5,5,0.2823699517665368,0.10296243970817097,3.5414533088379003,T,137,0.45514950166112955,45.51495016611295
2021-05-01,Consumer,430,5,5,0.28380746349378044,0.10475932936722554,3.5235155118530375,DIS,157,0.36511627906976746,36.51162790697675
2021-05-01,Energy,245,5,5,0.2979925031236984,0.12249062890462299,3.3557891205903734,XOM,99,0.40408163265306124,40.40816326530612
2021-05-01,Financials,252,5,5,0.24581128747795414,0.05726410934744266,4.068161434977578,GS,80,0.31746031746031744,31.746031746031743
2021-05-01,Healthcare,161,5,5,0.20149685583117938,0.0018710697889742084,4.962856595826153,ABBV,36,0.2236024844720497,22.36024844720497
2021-05-01,Industrials,202,5,5,0.24786785609253995,0.05983482011567492,4.034407751631402,BA,73,0.3613861386138614,36.13861386138614
2021-05-01,Materials,71,5,5,0.2291212061098988,0.036401507637373494,4.364502164502165,NEM,21,0.29577464788732394,29.577464788732392
2021-05-01,RealEstate,37,5,5,0.23593864134404677,0.044923301680058446,4.238390092879257,O,13,0.35135135135135137,35.13513513513514
2021-05-01,Tech,179,4,5,0.3143160325832527,0.14289504072906584,3.18151126998312,INTC,77,0.4301675977653631,43.01675977653631
2021-05-01,Utilities,65,5,5,0.25917159763313613,0.07396449704142015,3.858447488584474,NEE,24,0.36923076923076925,36.92307692307693
2021-06-01,Comm,188,5,5,0.2750679040289724,0.0938348800362155,3.6354659535075085,T,79,0.42021276595744683,42.02127659574468
2021-06-01,Consumer,405,5,5,0.23093430879439109,0.03866788599298884,4.330235750679797,DIS,116,0.28641975308641976,28.641975308641975
2021-06-01,Energy,266,5,5,0.2755667363898468,0.09445842048730849,3.628885013847574,XOM,109,0.40977443609022557,40.97744360902256
2021-06-01,Financials,315,5,5,0.24388007054673722,0.054850088183421505,4.10037604859705,GS,109,0.346031746031746,34.6031746031746
2021-06-01,Healthcare,174,5,5,0.21885321706962613,0.023566521337032645,4.569272562632055,MRK,47,0.27011494252873564,27.011494252873565
2021-06-01,Industrials,142,4,5,0.26949018051973817,0.08686272564967269,3.7107103422892895,GE,48,0.3380281690140845,33.80281690140845
2021-06-01,Materials,69,5,5,0.2711615206889309,0.08895190086116361,3.6878388845855925,NUE,28,0.4057971014492754,40.57971014492754
2021-06-01,RealEstate,46,5,5,0.27882797731569,0.09853497164461246,3.5864406779661016,AMT,16,0.34782608695652173,34.78260869565217
2021-06-01,Tech,240,4,5,0.2776736111111111,0.09709201388888887,3.601350506439915,INTC,86,0.35833333333333334,35.833333333333336
2021-06-01,Utilities,58,5,5,0.27407847800237806,0.09259809750297256,3.648590021691975,NEE,25,0.43103448275862066,43.103448275862064
2021-07-01,Comm,203,5,5,0.31073309228566576,0.13841636535708218,3.2181960171807886,T,94,0.4630541871921182,46.30541871921182
2021-07-01,Consumer,377,5,5,0.23161353418373445,0.039516917729668054,4.317536984720071,DIS,129,0.3421750663129973,34.217506631299734
2021-07-01,Energy,257,5,5,0.25821738406334693,0.07277173007918365,3.8727059513339195,XOM,87,0.33852140077821014,33.85214007782101
2021-07-01,Financials,426,5,5,0.26204015958033017,0.0775501994754127,3.8162089414139717,GS,162,0.38028169014084506,38.028169014084504
2021-07-01,Healthcare,165,5,5,0.21711662075298438,0.02139577594123046,4.605819658264253,ABT,45,0.2727272727272727,27.27272727272727
2021-07-01,Industrials,157,4,5,0.2886526836788511,0.11081585459856387,3.4643710470836258,GE,65,0.4140127388535032,41.40127388535032
2021-07-01,Materials,70,5,5,0.21020408163265306,0.012755102040816306,4.757281553398059,NUE,18,0.2571428571428571,25.71428571428571
2021-07-01,RealEstate,58,5,5,0.22651605231866828,0.03314506539833534,4.414698162729659,AMT,15,0.25862068965517243,25.862068965517242
2021-07-01,Tech,308,4,5,0.3279642435486591,0.15995530443582387,3.049112882489072,INTC,142,0.461038961038961,46.103896103896105
2021-07-01,Utilities,68,5,5,0.2387543252595156,0.04844290657439448,4.188405797101449,NEE,23,0.3382352941176471,33.82352941176471
2021-08-01,Comm,217,5,5,0.22725052560045872,0.034063157000573385,4.400429866367629,T,75,0.3456221198156682,34.56221198156682
2021-08-01,Consumer,421,5,5,0.29459887949176544,0.11824859936470679,3.394446040409844,DIS,165,0.3919239904988123,39.19239904988123
2021-08-01,Energy,283,5,5,0.2575260023224163,0.07190750290302035,3.8831030303030305,XOM,99,0.3498233215547703,34.98233215547703
2021-08-01,Financials,270,5,5,0.24641975308641975,0.058024691358024676,4.05811623246493,GS,96,0.35555555555555557,35.55555555555556
2021-08-01,Healthcare,154,5,5,0.20340698262776186,0.004258728284702307,4.916252072968491,ABBV,37,0.24025974025974026,24.025974025974026
2021-08-01,Industrials,136,4,5,0.2568122837370242,0.07101535467128023,3.8938947368421055,CAT,41,0.3014705882352941,30.14705882352941
2021-08-01,Materials,86,5,5,0.25121687398593834,0.06402109248242291,3.9806243272335844,NUE,33,0.38372093023255816,38.372093023255815
2021-08-01,RealEstate,49,5,5,0.29862557267805084,0.12328196584756354,3.348675034867503,O,23,0.46938775510204084,46.93877551020408
2021-08-01,Tech,317,5,5,0.25418702544557115,0.06773378180696392,3.934111106761148,NVDA,104,0.3280757097791798,32.80757097791798
2021-08-01,Utilities,71,5,5,0.23864312636381668,0.04830390795477084,4.190357439733999,SO,22,0.30985915492957744,30.985915492957744
2021-09-01,Comm,238,5,5,0.23727137913989124,0.04658922392486404,4.214583333333334,T,87,0.36554621848739494,36.554621848739494
2021-09-01,Consumer,431,5,5,0.23694424556284688,0.046180306953558584,4.220402135635579,DIS,140,0.3248259860788863,32.48259860788863
2021-09-01,Energy,309,5,5,0.28232842136131797,0.10291052670164745,3.5419742552954703,XOM,120,0.3883495145631068,38.83495145631068
2021-09-01,Financials,308,5,5,0.2422836903356384,0.05285461291954799,4.127392969021928,GS,111,0.36038961038961037,36.038961038961034
2021-09-01,Healthcare,226,5,5,0.23149815960529407,0.03937269950661758,4.319688768606224,MRK,71,0.3141592920353982,31.41592920353982
2021-09-01,Industrials,127,4,5,0.25500651001302005,0.06875813751627505,3.921468514466326,GE,38,0.2992125984251969,29.92125984251969
2021-09-01,Materials,72,5,5,0.27469135802469136,0.09336419753086418,3.640449438202247,NUE,30,0.4166666666666667,41.66666666666667
2021-09-01,RealEstate,65,5,5,0.24023668639053258,0.050295857988165715,4.162561576354679,AMT,20,0.3076923076923077,30.76923076923077
2021-09-01,Tech,310,5,5,0.2170239334027055,0.021279916753381874,4.607786728039892,NVDA,94,0.3032258064516129,30.32258064516129
2021-09-01,Utilities,69,5,5,0.25225792900651123,0.06532241125813902,3.964196502914238,NEE,26,0.37681159420289856,37.68115942028986
2021-10-01,Comm,203,5,5,0.2814191074765221,0.10177388434565261,3.553418987669225,T,86,0.4236453201970443,42.364532019704434
2021-10-01,Consumer,398,5,5,0.24038534380444937,0.0504816797555617,4.15998739429592,WMT,126,0.3165829145728643,31.65829145728643
2021-10-01,Energy,286,5,5,0.285564086263387,0.1069551078292337,3.5018409110369038,XOM,118,0.4125874125874126,41.25874125874126
2021-10-01,Financials,389,5,5,0.23821544927670318,0.047769311595878966,4.197880544844231,GS,127,0.3264781491002571,32.64781491002571
2021-10-01,Healthcare,343,5,5,0.3374529320266215,0.17181616503327687,2.9633762373743737,MRK,179,0.521865889212828,52.1865889212828
2021-10-01,Industrials,183,4,5,0.2528890083310938,0.06611126041386722,3.9543039319872477,GE,52,0.28415300546448086,28.415300546448087
2021-10-01,Materials,86,5,5,0.23120605732828553,0.0390075716603569,4.32514619883041,NUE,27,0.313953488372093,31.3953488372093
2021-10-01,RealEstate,63,5,5,0.2260015117157974,0.03250188964474675,4.424749163879599,O,20,0.31746031746031744,31.746031746031743
2021-10-01,Tech,376,5,5,0.2362635808057945,0.045329476007243096,4.232560924495539,INTC,120,0.3191489361702128,31.914893617021278
2021-10-01,Utilities,62,5,5,0.25442247658688866,0.06802809573361081,3.930470347648262,NEE,24,0.3870967741935484,38.70967741935484
2021-11-01,Comm,215,5,5,0.23764196863169282,0.04705246078961601,4.208010923987255,T,79,0.3674418604651163,36.74418604651163
2021-11-01,Consumer,443,5,5,0.2519401372745848,0.064925171593231,3.9691968529417716,WMT,146,0.3295711060948081,32.95711060948081
2021-11-01,Energy,229,5,5,0.31286588737819643,0.1410823592227455,3.196257694886329,XOM,96,0.4192139737991266,41.92139737991266
2021-11-01,Financials,311,5,5,0.25645930046215404,0.07057412557769253,3.8992541826244707,GS,100,0.3215434083601286,32.154340836012864
2021-11-01,Healthcare,236,5,5,0.3315857512209136,0.16448218902614198,3.0158111327701964,MRK,123,0.5211864406779662,52.118644067796616
2021-11-01,Industrials,149,4,5,0.303274627269042,0.12909328408630244,3.297341452547155,GE,67,0.44966442953020136,44.966442953020135
2021-11-01,Materials,78,5,5,0.24358974358974356,0.05448717948717943,4.105263157894737,NUE,27,0.34615384615384615,34.61538461538461
2021-11-01,RealEstate,77,5,5,0.23730814639905548,0.04663518299881934,4.213930348258707,O,24,0.3116883116883117,31.16883116883117
2021-11-01,Tech,448,5,5,0.2964863679846939,0.12060795998086737,3.3728363526367087,NVDA,210,0.46875,46.875
2021-11-01,Utilities,68,5,5,0.2305363321799308,0.03817041522491349,4.337711069418386,NEE,21,0.3088235294117647,30.88235294117647
2021-12-01,Comm,198,5,5,0.36848280787674725,0.21060350984593404,2.7138308182195763,T,111,0.5606060606060606,56.060606060606055
2021-12-01,Consumer,422,5,5,0.2328114822218728,0.041014352777341,4.2953207911239755,DIS,135,0.31990521327014215,31.990521327014214
2021-12-01,Energy,216,5,5,0.28489368998628256,0.10611711248285319,3.510081251880831,XOM,91,0.4212962962962963,42.129629629629626
2021-12-01,Financials,307,5,5,0.2495411091894874,0.06192638648685925,4.007355754921553,GS,107,0.3485342019543974,34.85342019543974
2021-12-01,Healthcare,269,5,5,0.26957891681983387,0.08697364602479232,3.7094889014200034,MRK,114,0.42379182156133827,42.37918215613383
2021-12-01,Industrials,187,5,5,0.2241699791243673,0.030212473905459128,4.460900625079729,BA,63,0.33689839572192515,33.68983957219251
2021-12-01,Materials,75,5,5,0.28817777777777775,0.11022222222222218,3.470080197409007,NUE,33,0.44,44.0
2021-12-01,RealEstate,86,5,5,0.20254191454840453,0.003177393185505653,4.937249666221629,O,21,0.2441860465116279,24.418604651162788
2021-12-01,Tech,512,5,5,0.24355316162109375,0.054441452026367174,4.105879773204273,NVDA,192,0.375,37.5
2021-12-01,Utilities,55,5,5,0.2641322314049587,0.08016528925619833,3.785982478097622,NEE,23,0.41818181818181815,41.81818181818181
2022-01-01,Comm,392,5,5,0.28261661807580174,0.10327077259475216,3.5383623468729852,T,177,0.45153061224489793,45.1530612244898
2022-01-01,Consumer,433,5,5,0.2170527337603806,0.021315917200475723,4.6071753286644554,DIS,127,0.29330254041570436,29.330254041570434
2022-01-01,Energy,412,5,5,0.2791379960410972,0.09892249505137146,3.5824574733020977,XOM,162,0.3932038834951456,39.32038834951456
2022-01-01,Financials,607,5,5,0.2319425483581174,0.03992818544764673,4.311412490199979,GS,199,0.32784184514003295,32.78418451400329
2022-01-01,Healthcare,320,5,5,0.21736328124999998,0.021704101562499967,4.6005930451972326,MRK,96,0.3,30.0
2022-01-01,Industrials,363,5,5,0.2716648073522604,0.08958100919032548,3.6810067882783475,BA,158,0.43526170798898073,43.52617079889807
2022-01-01,Materials,106,5,5,0.23762904948380206,0.047036311854752565,4.2082397003745315,NUE,35,0.330188679245283,33.0188679245283
2022-01-01,RealEstate,112,5,5,0.2150829081632653,0.01885363520408162,4.64936990363232,O,32,0.2857142857142857,28.57142857142857
2022-01-01,Tech,718,5,5,0.2521356910638496,0.06516961382981197,3.9661183856226248,NVDA,234,0.32590529247910865,32.590529247910865
2022-01-01,Utilities,120,5,5,0.26319444444444445,0.07899305555555555,3.7994722955145117,NEE,50,0.4166666666666667,41.66666666666667
2022-02-01,Comm,242,5,5,0.24386995423809849,0.05483744279762309,4.10054614199692,T,93,0.384297520661157,38.429752066115704
2022-02-01,Consumer,521,5,5,0.2188873456846976,0.02360918210587197,4.568560127913827,DIS,161,0.30902111324376197,30.902111324376197
2022-02-01,Energy,464,5,5,0.2778686087990488,0.09733576099881097,3.5988232147633052,XOM,190,0.40948275862068967,40.94827586206897
2022-02-01,Financials,350,5,5,0.24546938775510208,0.05683673469387758,4.073827735284336,GS,119,0.34,34.0
2022-02-01,Healthcare,298,5,5,0.21174721859375706,0.014684023242196309,4.722612210168049,MRK,76,0.2550335570469799,25.503355704697988
2022-02-01,Industrials,240,5,5,0.24232638888888888,0.05290798611111109,4.1266657114199745,BA,87,0.3625,36.25
2022-02-01,Materials,93,5,5,0.22927506070065903,0.03659382587582378,4.361573373676248,DD,28,0.3010752688172043,30.107526881720432
2022-02-01,RealEstate,118,5,5,0.21114622234989947,0.013932777937374317,4.736054421768707,AMT,30,0.2542372881355932,25.423728813559322
2022-02-01,Tech,712,5,5,0.26922500315616715,0.08653125394520893,3.7143652642839347,NVDA,265,0.37219101123595505,37.21910112359551
2022-02-01,Utilities,166,5,5,0.21534330091450138,0.01917912614312671,4.643747893495113,NEE,48,0.2891566265060241,28.915662650602407
2022-03-01,Comm,198,5,5,0.27288031833486376,0.09110039791857968,3.6646102075154237,T,85,0.4292929292929293,42.92929292929293
2022-03-01,Consumer,550,5,5,0.20933553719008266,0.011669421487603311,4.777019771334722,DIS,143,0.26,26.0
2022-03-01,Energy,719,5,5,0.24864351469453208,0.06080439336816509,4.0218221707030555,XOM,242,0.33657858136300417,33.65785813630042
2022-03-01,Financials,375,5,5,0.24248177777777774,0.05310222222222216,4.1240212322942025,GS,122,0.3253333333333333,32.53333333333333
2022-03-01,Healthcare,251,5,5,0.24747226234504213,0.05934032793130265,4.040856904624463,MRK,91,0.36254980079681276,36.254980079681275
2022-03-01,Industrials,363,5,5,0.3565861469693175,0.19573268371164687,2.8043714218826485,BA,200,0.5509641873278237,55.09641873278237
2022-03-01,Materials,96,5,5,0.2649739583333333,0.08121744791666663,3.773955773955774,NUE,38,0.3958333333333333,39.58333333333333
2022-03-01,RealEstate,138,5,5,0.21560596513337535,0.019507456416719172,4.638090599123234,PLD,36,0.2608695652173913,26.08695652173913
2022-03-01,Tech,705,5,5,0.23841657864292545,0.0480207233036568,4.194339192735803,NVDA,229,0.324822695035461,32.4822695035461
2022-03-01,Utilities,99,5,5,0.25823895520865214,0.07279869401081517,3.87238245752667,NEE,38,0.3838383838383838,38.38383838383838
2022-04-01,Comm,269,5,5,0.34517212310498757,0.18146515388123444,2.8971053369099566,T,142,0.5278810408921933,52.78810408921933
2022-04-01,Consumer,509,5,5,0.21627599090631885,0.020344988632898554,4.623721735405922,DIS,146,0.2868369351669941,28.68369351669941
2022-04-01,Energy,474,5,5,0.23504958250992541,0.043811978137406754,4.254421511077448,XOM,144,0.3037974683544304,30.37974683544304
2022-04-01,Financials,526,5,5,0.23584264627217394,0.04480330784021741,4.240115245509716,GS,176,0.33460076045627374,33.460076045627375
2022-04-01,Healthcare,323,5,5,0.22558444919437548,0.03198056149296934,4.43292967920119,ABBV,95,0.29411764705882354,29.411764705882355
2022-04-01,Industrials,329,5,5,0.23753476039578347,0.04691845049472933,4.209910155186496,BA,122,0.3708206686930091,37.08206686930091
2022-04-01,Materials,180,5,5,0.2625308641975309,0.07816358024691362,3.809075946390782,DOW,72,0.4,40.0
2022-04-01,RealEstate,144,5,5,0.20698302469135801,0.008728780864197504,4.831314072693384,AMT,35,0.24305555555555555,24.305555555555554
2022-04-01,Tech,604,5,5,0.25260953466953207,0.06576191833691507,3.958678762099049,NVDA,223,0.36920529801324503,36.920529801324506
2022-04-01,Utilities,128,5,5,0.257568359375,0.07196044921874999,3.8824644549763034,NEE,51,0.3984375,39.84375
2022-05-01,Comm,221,5,5,0.2309330275792879,0.03866628447410987,4.33025977480273,T,76,0.3438914027149321,34.38914027149321
2022-05-01,Consumer,662,5,5,0.2781966210604138,0.09774577632551726,3.59457996358208,WMT,280,0.4229607250755287,42.296072507552864
2022-05-01,Energy,564,5,5,0.23727428197776773,0.04659285247220965,4.214531771689013,CVX,169,0.299645390070922,29.9645390070922
2022-05-01,Financials,297,5,5,0.22450090126857805,0.03062612658572255,4.454325102257234,GS,82,0.2760942760942761,27.609427609427613
2022-05-01,Healthcare,266,5,5,0.21996721126123578,0.02495901407654471,4.546132099717297,ABT,77,0.2894736842105263,28.947368421052634
2022-05-01,Industrials,242,5,5,0.2920565535141042,0.11507069189263024,3.4239943872778302,BA,113,0.4669421487603306,46.69421487603306
2022-05-01,Materials,95,5,5,0.2316897506925208,0.039612188365650974,4.31611669057867,NUE,31,0.3263157894736842,32.631578947368425
2022-05-01,RealEstate,143,5,5,0.23037801359479682,0.037972516993496006,4.34069199745277,PLD,45,0.3146853146853147,31.46853146853147
2022-05-01,Tech,585,5,5,0.29541675798086053,0.11927094747607565,3.3850483189744707,NVDA,237,0.40512820512820513,40.51282051282051
2022-05-01,Utilities,142,5,5,0.2472723665939298,0.05909045824241222,4.0441235459286,NEE,46,0.323943661971831,32.3943661971831
2022-06-01,Comm,198,5,5,0.25109682685440265,0.0638710335680033,3.982527427874847,T,73,0.3686868686868687,36.868686868686865
2022-06-01,Consumer,585,5,5,0.22345825115055884,0.029322813938198536,4.475108861951277,WMT,170,0.2905982905982906,29.059829059829063
2022-06-01,Energy,500,5,5,0.25644,0.07054999999999999,3.899547652472313,CVX,172,0.344,34.4
2022-06-01,Financials,347,5,5,0.23102093697314985,0.0387761712164373,4.328611999856203,GS,114,0.3285302593659942,32.85302593659942
2022-06-01,Healthcare,255,5,5,0.22312956555171087,0.028911956939638578,4.481701013164243,MRK,76,0.2980392156862745,29.80392156862745
2022-06-01,Industrials,289,5,5,0.26373007986015495,0.07966259982519368,3.791755572706224,BA,123,0.42560553633217996,42.56055363321799
2022-06-01,Materials,123,5,5,0.25692378875008265,0.0711547359376033,3.8922047851813732,NUE,47,0.3821138211382114,38.21138211382114
2022-06-01,RealEstate,147,5,5,0.24142718311814523,0.05178397889768153,4.14203565267395,PLD,50,0.3401360544217687,34.01360544217687
2022-06-01,Tech,515,5,5,0.2170647563389575,0.02133094542369686,4.606920150770353,NVDA,148,0.287378640776699,28.7378640776699
2022-06-01,Utilities,142,5,5,0.22674072604641934,0.033425907558024166,4.410323709536308,NEE,44,0.30985915492957744,30.985915492957744
2022-07-01,Comm,255,5,5,0.2788312187620146,0.09853902345251825,3.586398985163532,T,106,0.41568627450980394,41.568627450980394
2022-07-01,Consumer,561,5,5,0.24853441619720323,0.06066802024650403,4.023587619376366,WMT,195,0.34759358288770054,34.75935828877005
2022-07-01,Energy,553,5,5,0.2280541122072928,0.03506764025911598,4.384924219612566,XOM,172,0.31103074141048825,31.103074141048825
2022-07-01,Financials,430,5,5,0.2283829096809086,0.03547863710113574,4.378611347920811,MS,122,0.2837209302325581,28.37209302325581
2022-07-01,Healthcare,362,5,5,0.2512438570251213,0.06405482128140162,3.980196816911676,MRK,136,0.3756906077348066,37.569060773480665
2022-07-01,Industrials,267,5,5,0.2206651797612535,0.025831474701566853,4.531752590426546,BA,79,0.2958801498127341,29.588014981273407
2022-07-01,Materials,134,5,5,0.2273334818445088,0.034166852305635986,4.398824105830475,NEM,39,0.291044776119403,29.1044776119403
2022-07-01,RealEstate,160,5,5,0.212734375,0.01591796874999999,4.700697759823724,PLD,42,0.2625,26.25
2022-07-01,Tech,509,5,5,0.2288203303214053,0.03602541290175662,4.370241047180473,AMD,138,0.27111984282907664,27.111984282907663
2022-07-01,Utilities,156,5,5,0.23701512163050623,0.04626890203813277,4.219140083217754,NEE,54,0.34615384615384615,34.61538461538461
2022-08-01,Comm,266,5,5,0.21513369890892642,0.01891712363615801,4.648272237550914,T,78,0.2932330827067669,29.32330827067669
2022-08-01,Consumer,619,5,5,0.27505669940312294,0.09382087425390366,3.6356140467402343,WMT,232,0.37479806138933763,37.47980613893376
2022-08-01,Energy,537,5,5,0.2509943856655882,0.06374298208198521,3.984152862017989,XOM,186,0.3463687150837989,34.63687150837989
2022-08-01,Financials,241,5,5,0.2314526265043646,0.039315783130455736,4.320538570259615,GS,71,0.2946058091286307,29.460580912863072
2022-08-01,Healthcare,253,5,5,0.2371697730006718,0.04646221625083973,4.216388907186615,MRK,92,0.36363636363636365,36.36363636363637
2022-08-01,Industrials,171,4,5,0.2521459594405116,0.06518244930063949,3.9659568696595686,UPS,48,0.2807017543859649,28.07017543859649
2022-08-01,Materials,86,5,5,0.20903190914007572,0.011289886425094632,4.783958602846054,DOW,22,0.2558139534883721,25.581395348837212
2022-08-01,RealEstate,152,5,5,0.22844529085872575,0.03555661357340718,4.377415687760515,O,46,0.3026315789473684,30.263157894736842
2022-08-01,Tech,575,5,5,0.26231833648393194,0.0778979206049149,3.812162021930381,NVDA,214,0.37217391304347824,37.21739130434783
2022-08-01,Utilities,177,5,5,0.23527721918988798,0.044096523987359956,4.25030525030525,NEE,63,0.3559322033898305,35.59322033898305
2022-09-01,Comm,243,5,5,0.23402597842469813,0.04253247303087265,4.273029886388306,T,74,0.3045267489711934,30.45267489711934
2022-09-01,Consumer,490,5,5,0.21088713036234902,0.013608912952936258,4.741873049729431,DIS,129,0.26326530612244897,26.3265306122449
2022-09-01,Energy,380,5,5,0.2434349030470914,0.05429362880886423,4.107874374146564,CVX,134,0.3526315789473684,35.26315789473684
2022-09-01,Financials,297,5,5,0.23835436293348752,0.04794295366685939,4.195434007134364,GS,104,0.3501683501683502,35.01683501683502
2022-09-01,Healthcare,272,5,5,0.2102076124567474,0.012759515570934243,4.757201646090535,MRK,77,0.28308823529411764,28.308823529411764
2022-09-01,Industrials,202,4,5,0.27021860601901776,0.08777325752377219,3.700707418828224,UPS,69,0.3415841584158416,34.15841584158416
2022-09-01,Materials,94,5,5,0.23902218198279762,0.04877772747849701,4.183712121212122,NUE,31,0.32978723404255317,32.97872340425532
2022-09-01,RealEstate,134,5,5,0.2707730006683003,0.08846625083537535,3.6931303990127518,O,51,0.3805970149253731,38.059701492537314
2022-09-01,Tech,599,5,5,0.22743247649811457,0.0342905956226432,4.396909427349485,NVDA,197,0.328881469115192,32.8881469115192
2022-09-01,Utilities,152,5,5,0.2593490304709142,0.07418628808864271,3.85580774365821,NEE,63,0.4144736842105263,41.44736842105263
2022-10-01,Comm,230,5,5,0.2721361058601134,0.09017013232514172,3.6746318421783832,T,93,0.4043478260869565,40.43478260869565
2022-10-01,Consumer,445,5,5,0.21745234187602577,0.021815427345032203,4.598708808434546,DIS,135,0.30337078651685395,30.337078651685395
2022-10-01,Energy,503,5,5,0.27178084574066536,0.08972605717583168,3.679435161351308,XOM,201,0.3996023856858847,39.960238568588466
2022-10-01,Financials,435,5,5,0.235650680406923,0.04456335050865373,4.243569330133883,GS,135,0.3103448275862069,31.03448275862069
2022-10-01,Healthcare,288,5,5,0.2091531635802469,0.011441454475308623,4.781185151026055,MRK,79,0.2743055555555556,27.430555555555557
2022-10-01,Industrials,204,4,5,0.2536043829296425,0.0670054786620531,3.943149516770892,CAT,59,0.28921568627450983,28.921568627450984
2022-10-01,Materials,91,5,5,0.21893491124260356,0.023668639053254434,4.5675675675675675,DOW,24,0.26373626373626374,26.373626373626376
2022-10-01,RealEstate,160,5,5,0.206875,0.00859374999999999,4.833836858006042,O,43,0.26875,26.875
2022-10-01,Tech,562,5,5,0.24669140461746938,0.058364255771836716,4.053647517839725,NVDA,160,0.2846975088967972,28.46975088967972
2022-10-01,Utilities,157,5,5,0.2610653576209988,0.0763316970262485,3.830458430458431,NEE,66,0.42038216560509556,42.038216560509554
2022-11-01,Comm,168,5,5,0.2328514739229025,0.04106434240362812,4.294583079732197,T,57,0.3392857142857143,33.92857142857143
2022-11-01,Consumer,594,5,5,0.2674046865966058,0.08425585824575726,3.7396502384737675,DIS,222,0.37373737373737376,37.37373737373738
2022-11-01,Energy,427,5,5,0.24885234932457262,0.06106543665571576,4.018447094086792,CVX,138,0.3231850117096019,32.31850117096019
2022-11-01,Financials,214,5,5,0.23648353567997202,0.04560441959996501,4.228624192059096,V,69,0.32242990654205606,32.242990654205606
2022-11-01,Healthcare,310,5,5,0.2126951092611863,0.015868886576482846,4.701565557729941,MRK,89,0.2870967741935484,28.70967741935484
2022-11-01,Industrials,134,4,5,0.25161505903319226,0.0645188237914903,3.9743249225320936,CAT,38,0.2835820895522388,28.35820895522388
2022-11-01,Materials,81,5,5,0.22298430117360157,0.028730376467001953,4.484620642515379,DD,24,0.2962962962962963,29.629629629629626
2022-11-01,RealEstate,95,5,5,0.2560664819944598,0.07008310249307474,3.9052358286456084,O,39,0.4105263157894737,41.05263157894737
2022-11-01,Tech,460,5,5,0.22850661625708885,0.035633270321361044,4.376240900066182,NVDA,143,0.3108695652173913,31.08695652173913
2022-11-01,Utilities,126,5,5,0.22360796170319977,0.0295099521289997,4.472112676056339,NEE,40,0.31746031746031744,31.746031746031743
2022-12-01,Comm,184,5,5,0.28692107750472595,0.10865134688090743,3.4852789787934935,T,77,0.41847826086956524,41.84782608695652
2022-12-01,Consumer,495,5,5,0.23657585960616262,0.04571982450770326,4.226973967947281,DIS,163,0.3292929292929293,32.92929292929293
2022-12-01,Energy,352,5,5,0.24241348140495866,0.053016851756198316,4.125183113597017,CVX,112,0.3181818181818182,31.818181818181817
2022-12-01,Financials,291,5,5,0.23257873667056364,0.04072342083820454,4.2996191926885,GS,91,0.3127147766323024,31.27147766323024
2022-12-01,Healthcare,333,5,5,0.2183174165156147,0.022896770644518366,4.580486595894089,MRK,104,0.3123123123123123,31.23123123123123
2022-12-01,Industrials,198,4,5,0.2590551984491379,0.07381899806142234,3.8601811736904286,CAT,64,0.32323232323232326,32.323232323232325
2022-12-01,Materials,62,5,5,0.27939646201873053,0.09924557752341315,3.579143389199255,NUE,23,0.3709677419354839,37.096774193548384
2022-12-01,RealEstate,96,5,5,0.24479166666666669,0.05598958333333334,4.085106382978723,PLD,33,0.34375,34.375
2022-12-01,Tech,450,5,5,0.2341530864197531,0.042691358024691366,4.270710308756538,NVDA,151,0.33555555555555555,33.55555555555556
2022-12-01,Utilities,97,5,5,0.23520034009990434,0.044000425124880414,4.251694532309083,NEE,34,0.35051546391752575,35.051546391752574
2023-01-01,Comm,217,5,5,0.27834526110131874,0.09793157637664841,3.5926604104676896,T,90,0.4147465437788018,41.474654377880185
2023-01-01,Consumer,482,5,5,0.23464644203784368,0.04330805254730459,4.261730931503834,DIS,169,0.3506224066390041,35.06224066390041
2023-01-01,Energy,521,5,5,0.2800277039946065,0.10003462999325814,3.5710752391101295,XOM,185,0.3550863723608445,35.50863723608445
2023-01-01,Financials,523,5,5,0.23103583166684338,0.038794789583554215,4.328332937732415,GS,159,0.30401529636711283,30.401529636711285
2023-01-01,Healthcare,291,5,5,0.21647122731191176,0.02058903413988969,4.61955157929191,MRK,77,0.2646048109965636,26.46048109965636
2023-01-01,Industrials,285,4,5,0.25276700523237916,0.06595875654047394,3.9562125566216944,CAT,79,0.2771929824561403,27.719298245614034
2023-01-01,Materials,154,5,5,0.24978917186709398,0.062236464833867466,4.0033760972316,NUE,57,0.37012987012987014,37.01298701298701
2023-01-01,RealEstate,130,5,5,0.24615384615384614,0.05769230769230766,4.0625,O,41,0.3153846153846154,31.538461538461537
2023-01-01,Tech,587,5,5,0.24716965252242656,0.05896206565303319,4.045804126011249,INTC,185,0.3151618398637138,31.51618398637138
2023-01-01,Utilities,141,5,5,0.24953473165333734,0.06191841456667166,4.007458173755292,NEE,54,0.3829787234042553,38.297872340425535
2023-02-01,Comm,187,5,5,0.213017243844548,0.016271554805685,4.694455631628407,T,55,0.29411764705882354,29.411764705882355
2023-02-01,Consumer,541,5,5,0.23222211212890484,0.040277640161131036,4.3062221372136475,DIS,168,0.31053604436229204,31.053604436229204
2023-02-01,Energy,377,5,5,0.25086365203441946,0.06357956504302431,3.986229140373019,XOM,124,0.32891246684350134,32.891246684350136
2023-02-01,Financials,290,5,5,0.2538406658739596,0.06730083234244948,3.9394791081131717,GS,108,0.3724137931034483,37.24137931034483
2023-02-01,Healthcare,317,5,5,0.21444138164376203,0.018051727054702524,4.663279038470462,MRK,87,0.2744479495268139,27.444794952681388
2023-02-01,Industrials,154,4,5,0.2542587282847023,0.06782341035587787,3.933001658374793,CAT,44,0.2857142857142857,28.57142857142857
2023-02-01,Materials,145,5,5,0.2560285374554102,0.07003567181926275,3.905814601523314,NEM,47,0.32413793103448274,32.41379310344827
2023-02-01,RealEstate,165,5,5,0.2239485766758494,0.02993572084481172,4.465310808594391,O,52,0.3151515151515151,31.515151515151512
2023-02-01,Tech,584,5,5,0.26636681366109966,0.08295851707637455,3.7542214296721923,NVDA,236,0.4041095890410959,40.41095890410959
2023-02-01,Utilities,201,5,5,0.22412811564070195,0.030160144550877427,4.461733848702375,NEE,61,0.3034825870646766,30.34825870646766
2023-03-01,Comm,183,5,5,0.2666845829974021,0.08335572874675262,3.7497480685253612,T,71,0.3879781420765027,38.79781420765027
2023-03-01,Consumer,514,5,5,0.2155293797029478,0.01941172462868474,4.639738681465351,DIS,148,0.28793774319066145,28.793774319066145
2023-03-01,Energy,479,5,5,0.23681469310193035,0.04601836637741292,4.22271095978651,XOM,151,0.31524008350730687,31.524008350730686
2023-03-01,Financials,513,5,5,0.21654146195030566,0.02067682743788206,4.618053240212681,GS,150,0.29239766081871343,29.239766081871345
2023-03-01,Healthcare,318,5,5,0.21294648154740714,0.01618310193425891,4.696015603232098,MRK,83,0.2610062893081761,26.10062893081761
2023-03-01,Industrials,214,4,5,0.2602410690890034,0.07530133636125425,3.8425910387648936,GE,72,0.3364485981308411,33.64485981308411
2023-03-01,Materials,174,5,5,0.28411943453560573,0.10514929316950715,3.5196465938153922,NUE,73,0.41954022988505746,41.95402298850575
2023-03-01,RealEstate,145,5,5,0.22625445897740787,0.03281807372175982,4.419802396468362,O,46,0.31724137931034485,31.724137931034484
2023-03-01,Tech,692,5,5,0.25207156938086805,0.06508946172608505,3.967127282367366,NVDA,268,0.3872832369942196,38.72832369942196
2023-03-01,Utilities,153,5,5,0.2640437438591995,0.08005467982399934,3.78725125384242,NEE,62,0.40522875816993464,40.52287581699346
2023-04-01,Comm,310,5,5,0.27431841831425596,0.09289802289281994,3.645398679918064,T,122,0.3935483870967742,39.35483870967742
2023-04-01,Consumer,529,5,5,0.23244270853806268,0.04055338567257833,4.302135379033622,DIS,174,0.32892249527410206,32.89224952741021
2023-04-01,Energy,568,5,5,0.2680271771473914,0.08503397143423921,3.730964936626885,XOM,220,0.3873239436619718,38.732394366197184
2023-04-01,Financials,647,5,5,0.21717402158099802,0.021467526976247514,4.60460230335163,WFC,175,0.2704791344667697,27.04791344667697
2023-04-01,Healthcare,395,5,5,0.22044544143566736,0.02555680179458418,4.536269806657945,MRK,123,0.31139240506329113,31.139240506329113
2023-04-01,Industrials,309,4,5,0.2552235523297829,0.0690294404122286,3.918133694447864,CAT,85,0.2750809061488673,27.508090614886733
2023-04-01,Materials,156,5,5,0.2144148586456279,0.01801857330703486,4.66385588348026,NEM,43,0.27564102564102566,27.564102564102566
2023-04-01,RealEstate,172,5,5,0.215454299621417,0.019317874526771223,4.641355506746156,O,50,0.29069767441860467,29.069767441860467
2023-04-01,Tech,707,5,5,0.2712959313712741,0.08911991421409263,3.686011784052446,NVDA,295,0.41725601131541723,41.72560113154172
2023-04-01,Utilities,184,5,5,0.2705576559546314,0.08819706994328921,3.6960698689956333,NEE,80,0.43478260869565216,43.47826086956522
2023-05-01,Comm,277,5,5,0.21625461038199378,0.020318262977492216,4.6241788706080875,T,74,0.26714801444043323,26.714801444043324
2023-05-01,Consumer,628,5,5,0.23949754553937277,0.049371931924215955,4.1754081351769115,DIS,209,0.3328025477707006,33.28025477707006
2023-05-01,Energy,506,5,5,0.24759018263056756,0.05948772828820944,4.038932357395256,CVX,157,0.3102766798418972,31.027667984189723
2023-05-01,Financials,411,5,5,0.21394024425619074,0.017425305320238407,4.674202385234788,GS,115,0.2798053527980535,27.980535279805352
2023-05-01,Healthcare,307,5,5,0.21552483315472842,0.019406041443410516,4.639836557869345,AMGN,82,0.2671009771986971,26.710097719869708
2023-05-01,Industrials,212,4,5,0.25169099323602706,0.06461374154503381,3.973125884016973,MMM,60,0.2830188679245283,28.30188679245283
2023-05-01,Materials,141,5,5,0.23374075750716763,0.04217594688395953,4.278244028405423,NEM,47,0.3333333333333333,33.33333333333333
2023-05-01,RealEstate,136,5,5,0.22480536332179932,0.031006704152249133,4.448292448292448,O,45,0.33088235294117646,33.088235294117645
2023-05-01,Tech,1079,5,5,0.33158169141956,0.16447711427445,3.015848057589738,NVDA,544,0.5041705282669138,50.417052826691375
2023-05-01,Utilities,162,5,5,0.2331199512269471,0.04139993903368385,4.289637136319059,NEE,58,0.35802469135802467,35.80246913580247
2023-06-01,Comm,250,5,5,0.26544,0.0818,3.767329716696805,T,82,0.328,32.800000000000004
2023-06-01,Consumer,570,5,5,0.20807633117882426,0.010095413973530316,4.8059286432755455,DIS,144,0.25263157894736843,25.263157894736842
2023-06-01,Energy,409,5,5,0.248976273456041,0.06122034182005125,4.016446973516771,CVX,132,0.32273838630806845,32.27383863080684
2023-06-01,Financials,510,5,5,0.23427143406382162,0.042839292579777005,4.268552860471986,GS,173,0.3392156862745098,33.92156862745098
2023-06-01,Healthcare,298,5,5,0.22235484888068102,0.027943561100851264,4.497315912083461,ABBV,84,0.28187919463087246,28.187919463087248
2023-06-01,Industrials,257,4,5,0.2619116110766249,0.07738951384578113,3.8180819700560726,CAT,84,0.32684824902723736,32.68482490272373
2023-06-01,Materials,128,5,5,0.2210693359375,0.026336669921874986,4.523467697404749,NEM,37,0.2890625,28.90625
2023-06-01,RealEstate,129,5,5,0.23057508563187312,0.03821885703984139,4.3369820172009375,O,38,0.29457364341085274,29.457364341085274
2023-06-01,Tech,1242,5,5,0.30396275292305536,0.12995344115381918,3.2898767707013707,NVDA,600,0.4830917874396135,48.309178743961354
2023-06-01,Utilities,148,5,5,0.2652483564645727,0.08156044558071583,3.770051635111876,NEE,56,0.3783783783783784,37.83783783783784
2023-07-01,Comm,413,5,5,0.2914890748025726,0.11436134350321571,3.430660310947525,T,179,0.43341404358353514,43.341404358353515
2023-07-01,Consumer,543,5,5,0.2196276738262636,0.024534592282829497,4.553160276109146,DIS,154,0.283609576427256,28.360957642725598
2023-07-01,Energy,565,5,5,0.2538930221630512,0.067366277703814,3.93866673247048,CVX,186,0.3292035398230089,32.92035398230089
2023-07-01,Financials,766,5,5,0.21459345963228327,0.01824182454035407,4.659974268151278,WFC,195,0.2545691906005222,25.45691906005222
2023-07-01,Healthcare,381,5,5,0.21766865755953735,0.022085821949421672,4.594138684052283,ABBV,114,0.2992125984251969,29.92125984251969
2023-07-01,Industrials,323,4,5,0.2504289315530677,0.06303616444133464,3.993148849848815,MMM,85,0.2631578947368421,26.31578947368421
2023-07-01,Materials,156,5,5,0.2227975016436555,0.02849687705456936,4.488380671338989,SHW,42,0.2692307692307692,26.923076923076923
2023-07-01,RealEstate,198,5,5,0.21880420365268852,0.023505254565860632,4.570296106318489,AMT,52,0.26262626262626265,26.262626262626267
2023-07-01,Tech,1130,5,5,0.2803304879003838,0.10041310987547972,3.567218134173664,NVDA,492,0.4353982300884956,43.53982300884956
2023-07-01,Utilities,169,5,5,0.3022653268442982,0.1278316585553727,3.3083516738097996,NEE,80,0.47337278106508873,47.337278106508876
2023-08-01,Comm,316,5,5,0.24058644448005123,0.050733055600064025,4.156510156510158,T,115,0.3639240506329114,36.392405063291136
2023-08-01,Consumer,768,5,5,0.23463609483506948,0.04329511854383683,4.261918869315143,WMT,239,0.3111979166666667,31.119791666666668
2023-08-01,Energy,505,5,5,0.2590765611214587,0.07384570140182338,3.8598628747862143,CVX,190,0.37623762376237624,37.62376237623762
2023-08-01,Financials,475,5,5,0.22057396121883657,0.025717451523545702,4.533626700423976,GS,149,0.3136842105263158,31.36842105263158
2023-08-01,Healthcare,391,5,5,0.21249861003002335,0.015623262537529173,4.705913134484563,MRK,102,0.2608695652173913,26.08695652173913
2023-08-01,Industrials,317,4,5,0.2806973897640538,0.10087173720506722,3.562555394051122,CAT,121,0.38170347003154576,38.170347003154575
2023-08-01,Materials,125,5,5,0.2064,0.007999999999999986,4.844961240310077,DD,32,0.256,25.6
2023-08-01,RealEstate,173,5,5,0.23759564302181826,0.04699455377727282,4.208831387990438,O,63,0.36416184971098264,36.41618497109826
2023-08-01,Tech,1448,5,5,0.386571495070358,0.23321436883794747,2.5868436052637427,NVDA,837,0.5780386740331491,57.80386740331491
2023-08-01,Utilities,197,5,5,0.2364657682496328,0.045582210312040995,4.228941920017435,NEE,66,0.3350253807106599,33.50253807106599
2023-09-01,Comm,217,5,5,0.2928709465055533,0.1160886831319416,3.4144732071640926,T,92,0.423963133640553,42.3963133640553
2023-09-01,Consumer,642,5,5,0.23499383740452828,0.04374229675566034,4.255430742545635,DIS,211,0.32866043613707163,32.86604361370716
2023-09-01,Energy,473,5,5,0.29826709992893186,0.1228338749111648,3.352699644842727,CVX,205,0.4334038054968288,43.34038054968288
2023-09-01,Financials,442,5,5,0.24167195593865812,0.05208994492332263,4.137840471046723,GS,144,0.3257918552036199,32.57918552036199
2023-09-01,Healthcare,272,5,5,0.20523356401384085,0.0065419550173010516,4.87249736564805,ABBV,63,0.23161764705882354,23.161764705882355
2023-09-01,Industrials,287,4,5,0.2720076727895203,0.09000959098690038,3.6763668823923235,CAT,108,0.37630662020905925,37.63066202090592
2023-09-01,Materials,121,5,5,0.21672016938733696,0.020900211734171184,4.61424519382288,NUE,36,0.2975206611570248,29.75206611570248
2023-09-01,RealEstate,147,5,5,0.2444814660558101,0.055601832569762595,4.090289608177172,O,53,0.36054421768707484,36.054421768707485
2023-09-01,Tech,1190,5,5,0.3074217922463103,0.13427724030788782,3.2528598336932055,NVDA,584,0.4907563025210084,49.07563025210084
2023-09-01,Utilities,174,5,5,0.25578015589906195,0.06972519487382742,3.909607438016529,NEE,63,0.3620689655172414,36.206896551724135
2023-10-01,Comm,303,5,5,0.30832489189513007,0.13540611486891257,3.2433320380117996,T,139,0.45874587458745875,45.87458745874587
2023-10-01,Consumer,660,5,5,0.2302341597796143,0.037792699724517875,4.343404128028717,KO,182,0.27575757575757576,27.575757575757574
2023-10-01,Energy,748,5,5,0.2788648517258143,0.09858106465726789,3.5859664414905206,CVX,269,0.35962566844919786,35.962566844919785
2023-10-01,Financials,593,5,5,0.2282872978452946,0.03535912230661825,4.380445208465687,GS,171,0.28836424957841483,28.836424957841484
2023-10-01,Healthcare,416,5,5,0.21270571375739644,0.01588214219674554,4.7013311600108665,AMGN,101,0.24278846153846154,24.278846153846153
2023-10-01,Industrials,495,5,5,0.22514845423936333,0.03143556779920415,4.441513948556202,BA,159,0.3212121212121212,32.121212121212125
2023-10-01,Materials,179,5,5,0.21881339533722416,0.023516744171530185,4.570104122093853,DOW,48,0.2681564245810056,26.81564245810056
2023-10-01,RealEstate,218,5,5,0.22367645821058835,0.02959557276323542,4.4707431796801504,O,68,0.3119266055045872,31.19266055045872
2023-10-01,Tech,1247,5,5,0.32041422268295555,0.15051777835369443,3.120960086061732,NVDA,618,0.4955894145950281,49.55894145950281
2023-10-01,Utilities,213,5,5,0.30948444973440015,0.13685556216800016,3.2311801153763975,NEE,105,0.49295774647887325,49.29577464788733
2023-11-01,Comm,239,5,5,0.22396316591096097,0.029953957388701193,4.4650199327757365,T,72,0.301255230125523,30.125523012552303
2023-11-01,Consumer,725,5,5,0.24542782401902496,0.05678478002378119,4.074517646876429,WMT,259,0.35724137931034483,35.724137931034484
2023-11-01,Energy,434,5,5,0.2640637940920385,0.08007974261504812,3.7869636897342067,XOM,154,0.3548387096774194,35.483870967741936
2023-11-01,Financials,347,5,5,0.23879444227590962,0.048493052844887016,4.187702152818836,V,108,0.3112391930835735,31.12391930835735
2023-11-01,Healthcare,308,5,5,0.21647832686793728,0.02059790858492158,4.619400077911959,ABT,89,0.288961038961039,28.8961038961039
2023-11-01,Industrials,371,5,5,0.28120254865919314,0.10150318582399141,3.5561555354605345,BA,168,0.4528301886792453,45.28301886792453
2023-11-01,Materials,131,5,5,0.21822737602703807,0.02278422003379757,4.58237650200267,NEM,40,0.3053435114503817,30.53435114503817
2023-11-01,RealEstate,168,5,5,0.2730300453514739,0.09128755668934237,3.6626005709836496,O,71,0.4226190476190476,42.26190476190476
2023-11-01,Tech,1152,5,5,0.3458945191936728,0.182368148992091,2.891054771064705,NVDA,619,0.5373263888888888,53.732638888888886
2023-11-01,Utilities,181,5,5,0.27413693110710907,0.09267116388388633,3.647812047656163,NEE,79,0.43646408839779005,43.646408839779006
2023-12-01,Comm,196,5,5,0.272542690545606,0.09067836318200746,3.669149952244508,T,77,0.39285714285714285,39.285714285714285
2023-12-01,Consumer,283,5,5,0.2125010925345553,0.0156263656681941,4.705858158528703,DIS,73,0.2579505300353357,25.795053003533567
2023-12-01,Energy,321,5,5,0.2955619607728962,0.11945245096612024,3.3833853226071255,XOM,121,0.37694704049844235,37.69470404984423
2023-12-01,Financials,247,5,5,0.24794702420954287,0.059933780261928575,4.033119587492562,GS,80,0.32388663967611336,32.388663967611336
2023-12-01,Healthcare,201,5,5,0.22630627954753593,0.0328828494344199,4.418790331401072,MRK,57,0.2835820895522388,28.35820895522388
2023-12-01,Industrials,222,5,5,0.23898222546871195,0.048727781835889925,4.1844116148751915,BA,82,0.36936936936936937,36.93693693693694
2023-12-01,Materials,63,5,5,0.20685311161501635,0.008566389518770423,4.834348355663825,NEM,16,0.25396825396825395,25.396825396825395
2023-12-01,RealEstate,126,5,5,0.23544973544973544,0.04431216931216928,4.247191011235955,O,46,0.36507936507936506,36.507936507936506
2023-12-01,Tech,810,5,5,0.2574272214601433,0.0717840268251791,3.8845930680055414,NVDA,292,0.36049382716049383,36.04938271604938
2023-12-01,Utilities,89,5,5,0.25994192652442877,0.07492740815553595,3.8470131131617284,NEE,37,0.4157303370786517,41.57303370786517
